{
"meta":{"test_sets":[],"test_metrics":[],"learn_metrics":[{"best_value":"Min","name":"RMSE"}],"launch_mode":"Train","parameters":"","iteration_count":1000,"learn_sets":["learn"],"name":"experiment"},
"iterations":[
{"learn":[14.52923781],"iteration":0,"passed_time":0.001311664855,"remaining_time":1.31035319},
{"learn":[12.95862758],"iteration":1,"passed_time":0.002798007987,"remaining_time":1.396205985},
{"learn":[11.61128689],"iteration":2,"passed_time":0.003968174074,"remaining_time":1.318756517},
{"learn":[10.56670604],"iteration":3,"passed_time":0.00497907814,"remaining_time":1.239790457},
{"learn":[9.634385359],"iteration":4,"passed_time":0.005953728225,"remaining_time":1.184791917},
{"learn":[8.95949897],"iteration":5,"passed_time":0.006974209192,"remaining_time":1.155393989},
{"learn":[8.415699329],"iteration":6,"passed_time":0.007984752622,"remaining_time":1.132694193},
{"learn":[8.061970915],"iteration":7,"passed_time":0.008955786323,"remaining_time":1.110517504},
{"learn":[7.687594785],"iteration":8,"passed_time":0.01006355133,"remaining_time":1.108108819},
{"learn":[7.296875739],"iteration":9,"passed_time":0.0111531042,"remaining_time":1.104157316},
{"learn":[7.014398077],"iteration":10,"passed_time":0.01213182146,"remaining_time":1.090761039},
{"learn":[6.726582237],"iteration":11,"passed_time":0.01320791009,"remaining_time":1.087451264},
{"learn":[6.544967586],"iteration":12,"passed_time":0.01426062795,"remaining_time":1.082710753},
{"learn":[6.30001527],"iteration":13,"passed_time":0.01536553792,"remaining_time":1.082172885},
{"learn":[6.097380154],"iteration":14,"passed_time":0.01651170069,"remaining_time":1.084268346},
{"learn":[5.910117402],"iteration":15,"passed_time":0.01762170918,"remaining_time":1.083735115},
{"learn":[5.784620088],"iteration":16,"passed_time":0.01869082599,"remaining_time":1.080769526},
{"learn":[5.628096369],"iteration":17,"passed_time":0.01980757685,"remaining_time":1.080613359},
{"learn":[5.544180972],"iteration":18,"passed_time":0.02084571994,"remaining_time":1.076297435},
{"learn":[5.455138919],"iteration":19,"passed_time":0.0219607368,"remaining_time":1.076076103},
{"learn":[5.354036369],"iteration":20,"passed_time":0.02310628897,"remaining_time":1.077193186},
{"learn":[5.249457837],"iteration":21,"passed_time":0.02428841521,"remaining_time":1.079730458},
{"learn":[5.183049791],"iteration":22,"passed_time":0.02541309006,"remaining_time":1.079503869},
{"learn":[5.102045091],"iteration":23,"passed_time":0.02651358224,"remaining_time":1.078219011},
{"learn":[5.022125813],"iteration":24,"passed_time":0.02757336256,"remaining_time":1.07536114},
{"learn":[4.947816453],"iteration":25,"passed_time":0.02868118767,"remaining_time":1.074441415},
{"learn":[4.898878232],"iteration":26,"passed_time":0.02980418957,"remaining_time":1.074054684},
{"learn":[4.857727158],"iteration":27,"passed_time":0.03086525264,"remaining_time":1.071465199},
{"learn":[4.81238823],"iteration":28,"passed_time":0.03190110073,"remaining_time":1.068136855},
{"learn":[4.748982891],"iteration":29,"passed_time":0.03302156815,"remaining_time":1.06769737},
{"learn":[4.70102081],"iteration":30,"passed_time":0.03404230958,"remaining_time":1.064096709},
{"learn":[4.675877862],"iteration":31,"passed_time":0.03504331618,"remaining_time":1.060060314},
{"learn":[4.656119812],"iteration":32,"passed_time":0.03602131217,"remaining_time":1.055533602},
{"learn":[4.627901291],"iteration":33,"passed_time":0.03699976897,"remaining_time":1.05122873},
{"learn":[4.567389718],"iteration":34,"passed_time":0.03801408906,"remaining_time":1.048102741},
{"learn":[4.530260404],"iteration":35,"passed_time":0.03917459715,"remaining_time":1.049008657},
{"learn":[4.484509435],"iteration":36,"passed_time":0.0401770463,"remaining_time":1.04568907},
{"learn":[4.439669575],"iteration":37,"passed_time":0.04119327977,"remaining_time":1.042840398},
{"learn":[4.418191895],"iteration":38,"passed_time":0.04218712373,"remaining_time":1.039533997},
{"learn":[4.375996585],"iteration":39,"passed_time":0.04333525044,"remaining_time":1.040046011},
{"learn":[4.349744777],"iteration":40,"passed_time":0.04444692282,"remaining_time":1.039624366},
{"learn":[4.292711706],"iteration":41,"passed_time":0.04599576673,"remaining_time":1.049141536},
{"learn":[4.256317922],"iteration":42,"passed_time":0.04754517116,"remaining_time":1.058156484},
{"learn":[4.211572277],"iteration":43,"passed_time":0.04918901463,"remaining_time":1.068743136},
{"learn":[4.153914592],"iteration":44,"passed_time":0.05055132887,"remaining_time":1.072811535},
{"learn":[4.109598849],"iteration":45,"passed_time":0.05198177335,"remaining_time":1.078056778},
{"learn":[4.080224588],"iteration":46,"passed_time":0.05309320483,"remaining_time":1.076549451},
{"learn":[4.060972951],"iteration":47,"passed_time":0.05434856031,"remaining_time":1.077913113},
{"learn":[4.038499725],"iteration":48,"passed_time":0.0555667502,"remaining_time":1.07844856},
{"learn":[3.983720445],"iteration":49,"passed_time":0.05681182754,"remaining_time":1.079424723},
{"learn":[3.968365303],"iteration":50,"passed_time":0.05794285408,"remaining_time":1.07819154},
{"learn":[3.935054341],"iteration":51,"passed_time":0.05919452162,"remaining_time":1.079161663},
{"learn":[3.924129695],"iteration":52,"passed_time":0.06032478252,"remaining_time":1.077878661},
{"learn":[3.918629469],"iteration":53,"passed_time":0.06147874286,"remaining_time":1.077016495},
{"learn":[3.894716873],"iteration":54,"passed_time":0.06271616813,"remaining_time":1.077577798},
{"learn":[3.865364962],"iteration":55,"passed_time":0.06398541288,"remaining_time":1.078611246},
{"learn":[3.843529299],"iteration":56,"passed_time":0.06541715489,"remaining_time":1.082252229},
{"learn":[3.798394194],"iteration":57,"passed_time":0.06669005085,"remaining_time":1.083138412},
{"learn":[3.777902029],"iteration":58,"passed_time":0.0679110662,"remaining_time":1.083123954},
{"learn":[3.7537919],"iteration":59,"passed_time":0.06902949002,"remaining_time":1.08146201},
{"learn":[3.735807],"iteration":60,"passed_time":0.07022442887,"remaining_time":1.080995717},
{"learn":[3.713190929],"iteration":61,"passed_time":0.07140932,"remaining_time":1.080353906},
{"learn":[3.687819846],"iteration":62,"passed_time":0.07276873913,"remaining_time":1.082290612},
{"learn":[3.662856563],"iteration":63,"passed_time":0.07402404404,"remaining_time":1.082601644},
{"learn":[3.632857971],"iteration":64,"passed_time":0.07524873541,"remaining_time":1.082424117},
{"learn":[3.626553021],"iteration":65,"passed_time":0.0763516218,"remaining_time":1.080491133},
{"learn":[3.593665614],"iteration":66,"passed_time":0.07753558224,"remaining_time":1.079711914},
{"learn":[3.572343714],"iteration":67,"passed_time":0.07882367549,"remaining_time":1.080348023},
{"learn":[3.558685181],"iteration":68,"passed_time":0.08002528517,"remaining_time":1.079761456},
{"learn":[3.525825849],"iteration":69,"passed_time":0.08149183384,"remaining_time":1.082677221},
{"learn":[3.519024947],"iteration":70,"passed_time":0.08279285038,"remaining_time":1.083303634},
{"learn":[3.499775726],"iteration":71,"passed_time":0.08400988776,"remaining_time":1.082794109},
{"learn":[3.483199499],"iteration":72,"passed_time":0.08519651194,"remaining_time":1.081878994},
{"learn":[3.467990676],"iteration":73,"passed_time":0.08659853579,"remaining_time":1.083651948},
{"learn":[3.446805593],"iteration":74,"passed_time":0.08811245759,"remaining_time":1.08672031},
{"learn":[3.422883789],"iteration":75,"passed_time":0.08943689594,"remaining_time":1.087364366},
{"learn":[3.409086625],"iteration":76,"passed_time":0.0907375714,"remaining_time":1.087672447},
{"learn":[3.390752916],"iteration":77,"passed_time":0.09197706889,"remaining_time":1.087216122},
{"learn":[3.376742896],"iteration":78,"passed_time":0.09312090709,"remaining_time":1.085624752},
{"learn":[3.341278837],"iteration":79,"passed_time":0.0942773189,"remaining_time":1.084189167},
{"learn":[3.322256326],"iteration":80,"passed_time":0.09547132564,"remaining_time":1.083187016},
{"learn":[3.301698493],"iteration":81,"passed_time":0.09664280308,"remaining_time":1.081927966},
{"learn":[3.281818856],"iteration":82,"passed_time":0.09782091176,"remaining_time":1.08074429},
{"learn":[3.265588634],"iteration":83,"passed_time":0.09896034265,"remaining_time":1.079138975},
{"learn":[3.261255825],"iteration":84,"passed_time":0.101120182,"remaining_time":1.088529018},
{"learn":[3.253774777],"iteration":85,"passed_time":0.1027954161,"remaining_time":1.09250012},
{"learn":[3.241626724],"iteration":86,"passed_time":0.1042610227,"remaining_time":1.094141537},
{"learn":[3.228081156],"iteration":87,"passed_time":0.1054516639,"remaining_time":1.092862699},
{"learn":[3.218144041],"iteration":88,"passed_time":0.1066295527,"remaining_time":1.091455309},
{"learn":[3.214422744],"iteration":89,"passed_time":0.1077174326,"remaining_time":1.08914293},
{"learn":[3.187668496],"iteration":90,"passed_time":0.1088671917,"remaining_time":1.087475574},
{"learn":[3.156251987],"iteration":91,"passed_time":0.1101701369,"remaining_time":1.087331351},
{"learn":[3.134920748],"iteration":92,"passed_time":0.1114285659,"remaining_time":1.086728057},
{"learn":[3.120830201],"iteration":93,"passed_time":0.1125129997,"remaining_time":1.084433806},
{"learn":[3.110506293],"iteration":94,"passed_time":0.1137879999,"remaining_time":1.08398042},
{"learn":[3.099359386],"iteration":95,"passed_time":0.11512477,"remaining_time":1.084091584},
{"learn":[3.085780146],"iteration":96,"passed_time":0.1164082251,"remaining_time":1.083676569},
{"learn":[3.060881313],"iteration":97,"passed_time":0.1177566448,"remaining_time":1.083841771},
{"learn":[3.047260899],"iteration":98,"passed_time":0.1190571075,"remaining_time":1.083539938},
{"learn":[3.039811844],"iteration":99,"passed_time":0.1203219831,"remaining_time":1.082897848},
{"learn":[3.026803826],"iteration":100,"passed_time":0.1216511856,"remaining_time":1.082815998},
{"learn":[3.020431329],"iteration":101,"passed_time":0.1229879581,"remaining_time":1.082776337},
{"learn":[3.006753444],"iteration":102,"passed_time":0.1243124856,"remaining_time":1.082604851},
{"learn":[2.993382565],"iteration":103,"passed_time":0.1256265414,"remaining_time":1.082320972},
{"learn":[2.978237426],"iteration":104,"passed_time":0.1269481972,"remaining_time":1.082082252},
{"learn":[2.958503168],"iteration":105,"passed_time":0.1288176307,"remaining_time":1.086443036},
{"learn":[2.942068769],"iteration":106,"passed_time":0.1307381844,"remaining_time":1.091114006},
{"learn":[2.931573547],"iteration":107,"passed_time":0.132045847,"remaining_time":1.090600884},
{"learn":[2.9270956],"iteration":108,"passed_time":0.1334956365,"remaining_time":1.091234974},
{"learn":[2.904682821],"iteration":109,"passed_time":0.134777629,"remaining_time":1.090473544},
{"learn":[2.895900088],"iteration":110,"passed_time":0.1360987196,"remaining_time":1.090015871},
{"learn":[2.880535187],"iteration":111,"passed_time":0.1374238682,"remaining_time":1.089574955},
{"learn":[2.869669891],"iteration":112,"passed_time":0.1387665283,"remaining_time":1.089255846},
{"learn":[2.856481574],"iteration":113,"passed_time":0.1404711862,"remaining_time":1.091732202},
{"learn":[2.854405388],"iteration":114,"passed_time":0.141583339,"remaining_time":1.08957613},
{"learn":[2.838465303],"iteration":115,"passed_time":0.142794827,"remaining_time":1.088195061},
{"learn":[2.823433302],"iteration":116,"passed_time":0.144039414,"remaining_time":1.087066688},
{"learn":[2.810378603],"iteration":117,"passed_time":0.1456008491,"remaining_time":1.088304652},
{"learn":[2.790338787],"iteration":118,"passed_time":0.1472147183,"remaining_time":1.089883755},
{"learn":[2.780152574],"iteration":119,"passed_time":0.1491655722,"remaining_time":1.093880862},
{"learn":[2.767344736],"iteration":120,"passed_time":0.1508219849,"remaining_time":1.095640701},
{"learn":[2.752138391],"iteration":121,"passed_time":0.1535977308,"remaining_time":1.105400063},
{"learn":[2.743885999],"iteration":122,"passed_time":0.1548983886,"remaining_time":1.104438104},
{"learn":[2.729230532],"iteration":123,"passed_time":0.1561917216,"remaining_time":1.103418936},
{"learn":[2.719338937],"iteration":124,"passed_time":0.157328047,"remaining_time":1.101296329},
{"learn":[2.707548874],"iteration":125,"passed_time":0.1585424006,"remaining_time":1.09973062},
{"learn":[2.689472617],"iteration":126,"passed_time":0.1598236613,"remaining_time":1.098630365},
{"learn":[2.684444091],"iteration":127,"passed_time":0.1609501293,"remaining_time":1.096472756},
{"learn":[2.674890523],"iteration":128,"passed_time":0.162206156,"remaining_time":1.095205906},
{"learn":[2.665801764],"iteration":129,"passed_time":0.1633810695,"remaining_time":1.093396388},
{"learn":[2.650396377],"iteration":130,"passed_time":0.1645734739,"remaining_time":1.091712586},
{"learn":[2.64611972],"iteration":131,"passed_time":0.1656509755,"remaining_time":1.089280657},
{"learn":[2.636370506],"iteration":132,"passed_time":0.1667940027,"remaining_time":1.087296243},
{"learn":[2.627216872],"iteration":133,"passed_time":0.168029433,"remaining_time":1.08592156},
{"learn":[2.617110842],"iteration":134,"passed_time":0.1692369842,"remaining_time":1.084370306},
{"learn":[2.608664457],"iteration":135,"passed_time":0.1704366714,"remaining_time":1.082774148},
{"learn":[2.596082545],"iteration":136,"passed_time":0.1716391335,"remaining_time":1.081201257},
{"learn":[2.588523535],"iteration":137,"passed_time":0.1727489321,"remaining_time":1.079054924},
{"learn":[2.580885433],"iteration":138,"passed_time":0.1738684679,"remaining_time":1.076983819},
{"learn":[2.577202549],"iteration":139,"passed_time":0.1751013432,"remaining_time":1.075622537},
{"learn":[2.574625133],"iteration":140,"passed_time":0.1761992208,"remaining_time":1.073440643},
{"learn":[2.570540341],"iteration":141,"passed_time":0.1772622468,"remaining_time":1.071063435},
{"learn":[2.566841913],"iteration":142,"passed_time":0.1783373542,"remaining_time":1.068777011},
{"learn":[2.566021622],"iteration":143,"passed_time":0.1794543054,"remaining_time":1.066756149},
{"learn":[2.55979684],"iteration":144,"passed_time":0.1805879862,"remaining_time":1.064846401},
{"learn":[2.551441839],"iteration":145,"passed_time":0.1817628797,"remaining_time":1.063188351},
{"learn":[2.550154022],"iteration":146,"passed_time":0.1829013989,"remaining_time":1.061325805},
{"learn":[2.537489084],"iteration":147,"passed_time":0.1839928151,"remaining_time":1.059201881},
{"learn":[2.524589552],"iteration":148,"passed_time":0.1853250462,"remaining_time":1.05846721},
{"learn":[2.518724023],"iteration":149,"passed_time":0.1866236881,"remaining_time":1.057534233},
{"learn":[2.501073121],"iteration":150,"passed_time":0.1878317601,"remaining_time":1.056087181},
{"learn":[2.491936831],"iteration":151,"passed_time":0.1890430579,"remaining_time":1.05466127},
{"learn":[2.488464804],"iteration":152,"passed_time":0.1902142353,"remaining_time":1.053016061},
{"learn":[2.482405727],"iteration":153,"passed_time":0.1914526308,"remaining_time":1.051746271},
{"learn":[2.475975304],"iteration":154,"passed_time":0.1926269733,"remaining_time":1.050127693},
{"learn":[2.463187099],"iteration":155,"passed_time":0.1937949746,"remaining_time":1.048480504},
{"learn":[2.457530732],"iteration":156,"passed_time":0.1949310196,"remaining_time":1.046667831},
{"learn":[2.451020336],"iteration":157,"passed_time":0.1961199478,"remaining_time":1.045145545},
{"learn":[2.441063286],"iteration":158,"passed_time":0.197331486,"remaining_time":1.043747042},
{"learn":[2.435369416],"iteration":159,"passed_time":0.1985604544,"remaining_time":1.042442386},
{"learn":[2.42792966],"iteration":160,"passed_time":0.1997338652,"remaining_time":1.040849149},
{"learn":[2.417510801],"iteration":161,"passed_time":0.2010266969,"remaining_time":1.039878839},
{"learn":[2.413572887],"iteration":162,"passed_time":0.2022409097,"remaining_time":1.038500868},
{"learn":[2.406017759],"iteration":163,"passed_time":0.2034501939,"remaining_time":1.037099769},
{"learn":[2.397784902],"iteration":164,"passed_time":0.2046132064,"remaining_time":1.035466832},
{"learn":[2.392238733],"iteration":165,"passed_time":0.2058662578,"remaining_time":1.034291922},
{"learn":[2.386340176],"iteration":166,"passed_time":0.2070926221,"remaining_time":1.03298296},
{"learn":[2.378439342],"iteration":167,"passed_time":0.2082375227,"remaining_time":1.031271541},
{"learn":[2.366565584],"iteration":168,"passed_time":0.2093845169,"remaining_time":1.029577122},
{"learn":[2.359540289],"iteration":169,"passed_time":0.2106083267,"remaining_time":1.028264183},
{"learn":[2.353057993],"iteration":170,"passed_time":0.2117208201,"remaining_time":1.026412631},
{"learn":[2.350947486],"iteration":171,"passed_time":0.2131837719,"remaining_time":1.026256763},
{"learn":[2.34500116],"iteration":172,"passed_time":0.2144859305,"remaining_time":1.025317136},
{"learn":[2.341519786],"iteration":173,"passed_time":0.2158287899,"remaining_time":1.024566554},
{"learn":[2.335992176],"iteration":174,"passed_time":0.2170308013,"remaining_time":1.023145206},
{"learn":[2.332284805],"iteration":175,"passed_time":0.2183029764,"remaining_time":1.022054844},
{"learn":[2.328545507],"iteration":176,"passed_time":0.2196253602,"remaining_time":1.021195884},
{"learn":[2.324015607],"iteration":177,"passed_time":0.2208732926,"remaining_time":1.019987902},
{"learn":[2.315977013],"iteration":178,"passed_time":0.2220866439,"remaining_time":1.018620864},
{"learn":[2.310843291],"iteration":179,"passed_time":0.2233877907,"remaining_time":1.017655491},
{"learn":[2.305278811],"iteration":180,"passed_time":0.2248322895,"remaining_time":1.017335056},
{"learn":[2.299776547],"iteration":181,"passed_time":0.2262415976,"remaining_time":1.016844104},
{"learn":[2.293648254],"iteration":182,"passed_time":0.2275317145,"remaining_time":1.015810988},
{"learn":[2.290100019],"iteration":183,"passed_time":0.2287117265,"remaining_time":1.014286787},
{"learn":[2.282352861],"iteration":184,"passed_time":0.2300646938,"remaining_time":1.013528246},
{"learn":[2.278403423],"iteration":185,"passed_time":0.2314805826,"remaining_time":1.013038679},
{"learn":[2.274400558],"iteration":186,"passed_time":0.2326484937,"remaining_time":1.011461098},
{"learn":[2.269678225],"iteration":187,"passed_time":0.2338524394,"remaining_time":1.010043515},
{"learn":[2.266918385],"iteration":188,"passed_time":0.2349681484,"remaining_time":1.008249568},
{"learn":[2.26194826],"iteration":189,"passed_time":0.2368810344,"remaining_time":1.009861252},
{"learn":[2.257618251],"iteration":190,"passed_time":0.2388549274,"remaining_time":1.011694431},
{"learn":[2.250971729],"iteration":191,"passed_time":0.2404068058,"remaining_time":1.011711974},
{"learn":[2.241628106],"iteration":192,"passed_time":0.2433837405,"remaining_time":1.01767191},
{"learn":[2.237781509],"iteration":193,"passed_time":0.244793809,"remaining_time":1.017029949},
{"learn":[2.228123818],"iteration":194,"passed_time":0.2460156654,"remaining_time":1.015603131},
{"learn":[2.224800582],"iteration":195,"passed_time":0.2471828953,"remaining_time":1.013954326},
{"learn":[2.220758626],"iteration":196,"passed_time":0.2483564564,"remaining_time":1.012336216},
{"learn":[2.218837085],"iteration":197,"passed_time":0.2495062356,"remaining_time":1.010626267},
{"learn":[2.212806206],"iteration":198,"passed_time":0.2506501544,"remaining_time":1.00889836},
{"learn":[2.204389926],"iteration":199,"passed_time":0.2517761416,"remaining_time":1.007104566},
{"learn":[2.201595468],"iteration":200,"passed_time":0.2528839967,"remaining_time":1.00524534},
{"learn":[2.193962394],"iteration":201,"passed_time":0.2540986947,"remaining_time":1.003815636},
{"learn":[2.186626828],"iteration":202,"passed_time":0.2553657561,"remaining_time":1.002593634},
{"learn":[2.175117626],"iteration":203,"passed_time":0.256525583,"remaining_time":1.000952765},
{"learn":[2.171905149],"iteration":204,"passed_time":0.2576561583,"remaining_time":0.9992031504},
{"learn":[2.167072673],"iteration":205,"passed_time":0.2588514478,"remaining_time":0.9977089782},
{"learn":[2.164806232],"iteration":206,"passed_time":0.2600565846,"remaining_time":0.9962554183},
{"learn":[2.161195018],"iteration":207,"passed_time":0.2611612742,"remaining_time":0.9944217748},
{"learn":[2.155611174],"iteration":208,"passed_time":0.2623813779,"remaining_time":0.9930319136},
{"learn":[2.151542014],"iteration":209,"passed_time":0.2637833364,"remaining_time":0.9923277894},
{"learn":[2.145908243],"iteration":210,"passed_time":0.264953161,"remaining_time":0.9907490237},
{"learn":[2.142978029],"iteration":211,"passed_time":0.2662821206,"remaining_time":0.9897656181},
{"learn":[2.134637477],"iteration":212,"passed_time":0.2674732928,"remaining_time":0.988269866},
{"learn":[2.129619555],"iteration":213,"passed_time":0.2686331898,"remaining_time":0.9866620898},
{"learn":[2.127364129],"iteration":214,"passed_time":0.2697290047,"remaining_time":0.9848245056},
{"learn":[2.123052963],"iteration":215,"passed_time":0.2709789821,"remaining_time":0.9835533425},
{"learn":[2.119120439],"iteration":216,"passed_time":0.2721700441,"remaining_time":0.9820697906},
{"learn":[2.115642079],"iteration":217,"passed_time":0.2733411609,"remaining_time":0.9805173755},
{"learn":[2.113771627],"iteration":218,"passed_time":0.2746352534,"remaining_time":0.9794069994},
{"learn":[2.106142994],"iteration":219,"passed_time":0.2757849824,"remaining_time":0.9777831195},
{"learn":[2.10582635],"iteration":220,"passed_time":0.2768242966,"remaining_time":0.9757743307},
{"learn":[2.10213052],"iteration":221,"passed_time":0.2779378619,"remaining_time":0.9740344889},
{"learn":[2.097938332],"iteration":222,"passed_time":0.2791589431,"remaining_time":0.9726748823},
{"learn":[2.089345197],"iteration":223,"passed_time":0.2803864141,"remaining_time":0.9713386488},
{"learn":[2.084127077],"iteration":224,"passed_time":0.2821200541,"remaining_time":0.9717468531},
{"learn":[2.078957941],"iteration":225,"passed_time":0.2835025225,"remaining_time":0.9709334178},
{"learn":[2.072039181],"iteration":226,"passed_time":0.2848356553,"remaining_time":0.969946967},
{"learn":[2.07044621],"iteration":227,"passed_time":0.2861214659,"remaining_time":0.9687972442},
{"learn":[2.06674759],"iteration":228,"passed_time":0.2873842493,"remaining_time":0.9675688043},
{"learn":[2.06646664],"iteration":229,"passed_time":0.2885119194,"remaining_time":0.9658877302},
{"learn":[2.065129819],"iteration":230,"passed_time":0.2897121929,"remaining_time":0.9644531444},
{"learn":[2.064059415],"iteration":231,"passed_time":0.2909505074,"remaining_time":0.9631465071},
{"learn":[2.059381425],"iteration":232,"passed_time":0.2922818078,"remaining_time":0.9621465519},
{"learn":[2.056640942],"iteration":233,"passed_time":0.2936250785,"remaining_time":0.9611829491},
{"learn":[2.056303397],"iteration":234,"passed_time":0.2949279478,"remaining_time":0.960084596},
{"learn":[2.052773096],"iteration":235,"passed_time":0.2964039427,"remaining_time":0.9595449669},
{"learn":[2.051563236],"iteration":236,"passed_time":0.2975797673,"remaining_time":0.9580310652},
{"learn":[2.047765477],"iteration":237,"passed_time":0.2990581564,"remaining_time":0.9574887192},
{"learn":[2.04723169],"iteration":238,"passed_time":0.3003070405,"remaining_time":0.9562077732},
{"learn":[2.042860668],"iteration":239,"passed_time":0.3015428419,"remaining_time":0.954885666},
{"learn":[2.040303184],"iteration":240,"passed_time":0.3027158521,"remaining_time":0.9533665216},
{"learn":[2.032472257],"iteration":241,"passed_time":0.3042502204,"remaining_time":0.9529820954},
{"learn":[2.029297563],"iteration":242,"passed_time":0.3057132319,"remaining_time":0.9523659117},
{"learn":[2.024740706],"iteration":243,"passed_time":0.3069776343,"remaining_time":0.9511274243},
{"learn":[2.017707158],"iteration":244,"passed_time":0.3086852021,"remaining_time":0.9512543984},
{"learn":[2.01356604],"iteration":245,"passed_time":0.3102673596,"remaining_time":0.9509820697},
{"learn":[2.009446643],"iteration":246,"passed_time":0.3116179131,"remaining_time":0.9499930711},
{"learn":[2.006418559],"iteration":247,"passed_time":0.3128833163,"remaining_time":0.9487429591},
{"learn":[2.003613274],"iteration":248,"passed_time":0.3143134288,"remaining_time":0.947989498},
{"learn":[2.000531561],"iteration":249,"passed_time":0.3156123631,"remaining_time":0.9468370892},
{"learn":[1.996219518],"iteration":250,"passed_time":0.3169232966,"remaining_time":0.9457193194},
{"learn":[1.993749802],"iteration":251,"passed_time":0.3182076523,"remaining_time":0.9445211268},
{"learn":[1.988996911],"iteration":252,"passed_time":0.3197169359,"remaining_time":0.9439863682},
{"learn":[1.987501415],"iteration":253,"passed_time":0.3223130886,"remaining_time":0.9466360793},
{"learn":[1.98530746],"iteration":254,"passed_time":0.3241075351,"remaining_time":0.9469024063},
{"learn":[1.984935157],"iteration":255,"passed_time":0.3256240514,"remaining_time":0.9463448995},
{"learn":[1.984681157],"iteration":256,"passed_time":0.3280232151,"remaining_time":0.9483317073},
{"learn":[1.982005104],"iteration":257,"passed_time":0.3292544279,"remaining_time":0.9469255253},
{"learn":[1.977313743],"iteration":258,"passed_time":0.3303883796,"remaining_time":0.9452424297},
{"learn":[1.973146924],"iteration":259,"passed_time":0.3315915835,"remaining_time":0.9437606609},
{"learn":[1.97291567],"iteration":260,"passed_time":0.3326376697,"remaining_time":0.9418361606},
{"learn":[1.967852607],"iteration":261,"passed_time":0.333886103,"remaining_time":0.9404883358},
{"learn":[1.967654654],"iteration":262,"passed_time":0.33492704,"remaining_time":0.9385598042},
{"learn":[1.965042538],"iteration":263,"passed_time":0.336233115,"remaining_time":0.9373771691},
{"learn":[1.960065283],"iteration":264,"passed_time":0.3377107318,"remaining_time":0.9366693882},
{"learn":[1.956941269],"iteration":265,"passed_time":0.3389062717,"remaining_time":0.9351774565},
{"learn":[1.956780461],"iteration":266,"passed_time":0.3399734952,"remaining_time":0.9333354755},
{"learn":[1.952352455],"iteration":267,"passed_time":0.3410644906,"remaining_time":0.9315642056},
{"learn":[1.952209374],"iteration":268,"passed_time":0.3420748236,"remaining_time":0.9295787959},
{"learn":[1.945989289],"iteration":269,"passed_time":0.343162944,"remaining_time":0.9278109226},
{"learn":[1.945927622],"iteration":270,"passed_time":0.3442077379,"remaining_time":0.9259315162},
{"learn":[1.943777467],"iteration":271,"passed_time":0.3452816231,"remaining_time":0.9241361088},
{"learn":[1.93512487],"iteration":272,"passed_time":0.3463719874,"remaining_time":0.9223898711},
{"learn":[1.92902099],"iteration":273,"passed_time":0.3474408036,"remaining_time":0.9205913265},
{"learn":[1.925647482],"iteration":274,"passed_time":0.3485676323,"remaining_time":0.9189510306},
{"learn":[1.923311256],"iteration":275,"passed_time":0.349883412,"remaining_time":0.9178101098},
{"learn":[1.920136287],"iteration":276,"passed_time":0.3510011046,"remaining_time":0.9161508975},
{"learn":[1.917104457],"iteration":277,"passed_time":0.3523163491,"remaining_time":0.9150086476},
{"learn":[1.913519272],"iteration":278,"passed_time":0.3534839697,"remaining_time":0.9134836637},
{"learn":[1.912410447],"iteration":279,"passed_time":0.3547270125,"remaining_time":0.912155175},
{"learn":[1.907494103],"iteration":280,"passed_time":0.3560149956,"remaining_time":0.910942284},
{"learn":[1.907343439],"iteration":281,"passed_time":0.3570639768,"remaining_time":0.9091203382},
{"learn":[1.902854339],"iteration":282,"passed_time":0.3582773482,"remaining_time":0.9077203487},
{"learn":[1.900112028],"iteration":283,"passed_time":0.3594845187,"remaining_time":0.90630604},
{"learn":[1.894732283],"iteration":284,"passed_time":0.360626474,"remaining_time":0.9047295752},
{"learn":[1.893057341],"iteration":285,"passed_time":0.362016843,"remaining_time":0.9037763144},
{"learn":[1.889817296],"iteration":286,"passed_time":0.3634011303,"remaining_time":0.9028048986},
{"learn":[1.886519284],"iteration":287,"passed_time":0.3647227227,"remaining_time":0.90167562},
{"learn":[1.884835552],"iteration":288,"passed_time":0.3658382514,"remaining_time":0.900038051},
{"learn":[1.880141231],"iteration":289,"passed_time":0.3670601178,"remaining_time":0.8986644263},
{"learn":[1.876820744],"iteration":290,"passed_time":0.3684197568,"remaining_time":0.8976275175},
{"learn":[1.874980463],"iteration":291,"passed_time":0.3702716212,"remaining_time":0.8977818761},
{"learn":[1.874793658],"iteration":292,"passed_time":0.3719367036,"remaining_time":0.8974718411},
{"learn":[1.872892588],"iteration":293,"passed_time":0.3734352383,"remaining_time":0.896752647},
{"learn":[1.869717041],"iteration":294,"passed_time":0.3761623817,"remaining_time":0.8989643358},
{"learn":[1.867376685],"iteration":295,"passed_time":0.3774615945,"remaining_time":0.8977464951},
{"learn":[1.867255421],"iteration":296,"passed_time":0.3785057573,"remaining_time":0.8959244019},
{"learn":[1.864102813],"iteration":297,"passed_time":0.3795665594,"remaining_time":0.8941467272},
{"learn":[1.860765745],"iteration":298,"passed_time":0.3806883702,"remaining_time":0.8925168812},
{"learn":[1.860662768],"iteration":299,"passed_time":0.3819297858,"remaining_time":0.8911695002},
{"learn":[1.859704136],"iteration":300,"passed_time":0.3829942582,"remaining_time":0.8894119153},
{"learn":[1.857692007],"iteration":301,"passed_time":0.3842817309,"remaining_time":0.8881743316},
{"learn":[1.857646154],"iteration":302,"passed_time":0.3853267451,"remaining_time":0.8863786843},
{"learn":[1.854954543],"iteration":303,"passed_time":0.3864968201,"remaining_time":0.8848742986},
{"learn":[1.851923317],"iteration":304,"passed_time":0.3876164761,"remaining_time":0.883257216},
{"learn":[1.847923705],"iteration":305,"passed_time":0.3888667326,"remaining_time":0.881939583},
{"learn":[1.846365311],"iteration":306,"passed_time":0.390065969,"remaining_time":0.88050722},
{"learn":[1.845663315],"iteration":307,"passed_time":0.3913020314,"remaining_time":0.8791591095},
{"learn":[1.84479743],"iteration":308,"passed_time":0.3924150557,"remaining_time":0.8775365808},
{"learn":[1.842118211],"iteration":309,"passed_time":0.3935691024,"remaining_time":0.8760086472},
{"learn":[1.838586399],"iteration":310,"passed_time":0.3948674637,"remaining_time":0.8748028377},
{"learn":[1.837062999],"iteration":311,"passed_time":0.3960929122,"remaining_time":0.8734356525},
{"learn":[1.83416078],"iteration":312,"passed_time":0.3972290673,"remaining_time":0.8718733841},
{"learn":[1.833361827],"iteration":313,"passed_time":0.3985237975,"remaining_time":0.8706602709},
{"learn":[1.831191851],"iteration":314,"passed_time":0.3996875513,"remaining_time":0.8691618179},
{"learn":[1.82734521],"iteration":315,"passed_time":0.4007990429,"remaining_time":0.8675523586},
{"learn":[1.825349931],"iteration":316,"passed_time":0.4018797101,"remaining_time":0.8658796277},
{"learn":[1.82326165],"iteration":317,"passed_time":0.402879184,"remaining_time":0.8640364889},
{"learn":[1.821433881],"iteration":318,"passed_time":0.4039061965,"remaining_time":0.8622574288},
{"learn":[1.818314424],"iteration":319,"passed_time":0.4050715832,"remaining_time":0.8607771142},
{"learn":[1.816128525],"iteration":320,"passed_time":0.4061382957,"remaining_time":0.8590900398},
{"learn":[1.815215002],"iteration":321,"passed_time":0.4072858858,"remaining_time":0.8575771135},
{"learn":[1.812551992],"iteration":322,"passed_time":0.408491784,"remaining_time":0.8561886618},
{"learn":[1.811430651],"iteration":323,"passed_time":0.4097175735,"remaining_time":0.8548428384},
{"learn":[1.808452787],"iteration":324,"passed_time":0.4108889908,"remaining_time":0.853384827},
{"learn":[1.80708371],"iteration":325,"passed_time":0.4118907487,"remaining_time":0.8515778056},
{"learn":[1.80609713],"iteration":326,"passed_time":0.4129078237,"remaining_time":0.8498072335},
{"learn":[1.804473989],"iteration":327,"passed_time":0.4139503636,"remaining_time":0.8480934278},
{"learn":[1.803679077],"iteration":328,"passed_time":0.4150637986,"remaining_time":0.8465282944},
{"learn":[1.803004109],"iteration":329,"passed_time":0.4161325948,"remaining_time":0.8448752683},
{"learn":[1.798773361],"iteration":330,"passed_time":0.4172411312,"remaining_time":0.843306093},
{"learn":[1.797686252],"iteration":331,"passed_time":0.4186686901,"remaining_time":0.8423815813},
{"learn":[1.795929528],"iteration":332,"passed_time":0.4199402742,"remaining_time":0.8411416304},
{"learn":[1.795232618],"iteration":333,"passed_time":0.4211043386,"remaining_time":0.8396870943},
{"learn":[1.794260759],"iteration":334,"passed_time":0.4221853965,"remaining_time":0.8380695184},
{"learn":[1.792643119],"iteration":335,"passed_time":0.4232033129,"remaining_time":0.8363303565},
{"learn":[1.787791647],"iteration":336,"passed_time":0.4243426737,"remaining_time":0.8348343996},
{"learn":[1.784430423],"iteration":337,"passed_time":0.4254560887,"remaining_time":0.8332897358},
{"learn":[1.781133133],"iteration":338,"passed_time":0.4265680912,"remaining_time":0.8317448621},
{"learn":[1.778465043],"iteration":339,"passed_time":0.4275944124,"remaining_time":0.8300362124},
{"learn":[1.776384332],"iteration":340,"passed_time":0.4287233157,"remaining_time":0.8285298095},
{"learn":[1.775373232],"iteration":341,"passed_time":0.4297761638,"remaining_time":0.8268792859},
{"learn":[1.775321638],"iteration":342,"passed_time":0.4308210578,"remaining_time":0.8252170117},
{"learn":[1.775280061],"iteration":343,"passed_time":0.4318064168,"remaining_time":0.8234447949},
{"learn":[1.7724872],"iteration":344,"passed_time":0.4329177481,"remaining_time":0.8219163044},
{"learn":[1.771143529],"iteration":345,"passed_time":0.4339223511,"remaining_time":0.8201884902},
{"learn":[1.770510689],"iteration":346,"passed_time":0.4349252109,"remaining_time":0.8184615641},
{"learn":[1.768265709],"iteration":347,"passed_time":0.4360491445,"remaining_time":0.8169656385},
{"learn":[1.767208126],"iteration":348,"passed_time":0.4371111587,"remaining_time":0.8153563448},
{"learn":[1.763064082],"iteration":349,"passed_time":0.4381754671,"remaining_time":0.8137544388},
{"learn":[1.763019879],"iteration":350,"passed_time":0.4391032745,"remaining_time":0.8119032055},
{"learn":[1.762187284],"iteration":351,"passed_time":0.4401464154,"remaining_time":0.8102695375},
{"learn":[1.762056237],"iteration":352,"passed_time":0.4410861339,"remaining_time":0.8084496561},
{"learn":[1.762014345],"iteration":353,"passed_time":0.4420236184,"remaining_time":0.8066306708},
{"learn":[1.76099058],"iteration":354,"passed_time":0.4431112879,"remaining_time":0.8050895231},
{"learn":[1.759421612],"iteration":355,"passed_time":0.4442374053,"remaining_time":0.8036204748},
{"learn":[1.759355201],"iteration":356,"passed_time":0.4452802052,"remaining_time":0.8020032827},
{"learn":[1.757725836],"iteration":357,"passed_time":0.44647639,"remaining_time":0.8006643643},
{"learn":[1.756316531],"iteration":358,"passed_time":0.4477420537,"remaining_time":0.7994502965},
{"learn":[1.753382854],"iteration":359,"passed_time":0.4488657154,"remaining_time":0.797983494},
{"learn":[1.753200361],"iteration":360,"passed_time":0.4499948743,"remaining_time":0.7965283232},
{"learn":[1.751551289],"iteration":361,"passed_time":0.4510699616,"remaining_time":0.7949796562},
{"learn":[1.747538399],"iteration":362,"passed_time":0.4521619789,"remaining_time":0.7934633073},
{"learn":[1.745212585],"iteration":363,"passed_time":0.4532495482,"remaining_time":0.7919415183},
{"learn":[1.742958257],"iteration":364,"passed_time":0.4543495796,"remaining_time":0.7904437891},
{"learn":[1.741244219],"iteration":365,"passed_time":0.4553600128,"remaining_time":0.7887930277},
{"learn":[1.739454207],"iteration":366,"passed_time":0.4564631234,"remaining_time":0.7873056053},
{"learn":[1.737879704],"iteration":367,"passed_time":0.457712589,"remaining_time":0.7860716202},
{"learn":[1.735639501],"iteration":368,"passed_time":0.4588735679,"remaining_time":0.7846862367},
{"learn":[1.735601622],"iteration":369,"passed_time":0.4598256281,"remaining_time":0.7829463398},
{"learn":[1.732696665],"iteration":370,"passed_time":0.4614621072,"remaining_time":0.7823710658},
{"learn":[1.731384023],"iteration":371,"passed_time":0.462728537,"remaining_time":0.7811653796},
{"learn":[1.72746437],"iteration":372,"passed_time":0.4639741553,"remaining_time":0.7799243843},
{"learn":[1.725263615],"iteration":373,"passed_time":0.465416806,"remaining_time":0.7790131566},
{"learn":[1.724374924],"iteration":374,"passed_time":0.4666401956,"remaining_time":0.7777336593},
{"learn":[1.723752981],"iteration":375,"passed_time":0.4678708871,"remaining_time":0.7764665785},
{"learn":[1.719230106],"iteration":376,"passed_time":0.4690804217,"remaining_time":0.7751647286},
{"learn":[1.716623143],"iteration":377,"passed_time":0.4704135248,"remaining_time":0.7740666996},
{"learn":[1.715842236],"iteration":378,"passed_time":0.4716840776,"remaining_time":0.7728649398},
{"learn":[1.714570329],"iteration":379,"passed_time":0.4730010208,"remaining_time":0.7717385077},
{"learn":[1.711533986],"iteration":380,"passed_time":0.4742212643,"remaining_time":0.7704539701},
{"learn":[1.709276876],"iteration":381,"passed_time":0.4757346056,"remaining_time":0.7696439431},
{"learn":[1.707142565],"iteration":382,"passed_time":0.4769904014,"remaining_time":0.7684153463},
{"learn":[1.706298768],"iteration":383,"passed_time":0.478321501,"remaining_time":0.7673074079},
{"learn":[1.70546017],"iteration":384,"passed_time":0.4798236325,"remaining_time":0.7664715168},
{"learn":[1.702298697],"iteration":385,"passed_time":0.4812870342,"remaining_time":0.7655705673},
{"learn":[1.700900618],"iteration":386,"passed_time":0.4825590696,"remaining_time":0.7643635908},
{"learn":[1.700869376],"iteration":387,"passed_time":0.4838667679,"remaining_time":0.7632125308},
{"learn":[1.699852818],"iteration":388,"passed_time":0.4852930445,"remaining_time":0.7622469157},
{"learn":[1.696537058],"iteration":389,"passed_time":0.4867091141,"remaining_time":0.7612629734},
{"learn":[1.695876558],"iteration":390,"passed_time":0.4879861178,"remaining_time":0.7600602193},
{"learn":[1.691636765],"iteration":391,"passed_time":0.4893347188,"remaining_time":0.7589681353},
{"learn":[1.689687753],"iteration":392,"passed_time":0.4905326429,"remaining_time":0.757642021},
{"learn":[1.687834249],"iteration":393,"passed_time":0.4916612247,"remaining_time":0.7562099039},
{"learn":[1.687223436],"iteration":394,"passed_time":0.4928078984,"remaining_time":0.7548070342},
{"learn":[1.68631083],"iteration":395,"passed_time":0.4940369474,"remaining_time":0.7535311016},
{"learn":[1.685884481],"iteration":396,"passed_time":0.4952807315,"remaining_time":0.7522777861},
{"learn":[1.684748152],"iteration":397,"passed_time":0.4969650049,"remaining_time":0.7516907863},
{"learn":[1.682521935],"iteration":398,"passed_time":0.4986613591,"remaining_time":0.7511164833},
{"learn":[1.680802978],"iteration":399,"passed_time":0.5003469935,"remaining_time":0.7505204903},
{"learn":[1.680479721],"iteration":400,"passed_time":0.5033371158,"remaining_time":0.7518676617},
{"learn":[1.678585294],"iteration":401,"passed_time":0.5046555268,"remaining_time":0.7507064802},
{"learn":[1.676108847],"iteration":402,"passed_time":0.5058897751,"remaining_time":0.7494198405},
{"learn":[1.672340193],"iteration":403,"passed_time":0.5070647487,"remaining_time":0.7480460154},
{"learn":[1.670344499],"iteration":404,"passed_time":0.508384649,"remaining_time":0.7468860893},
{"learn":[1.669628163],"iteration":405,"passed_time":0.5095974103,"remaining_time":0.7455686249},
{"learn":[1.668700083],"iteration":406,"passed_time":0.5106547964,"remaining_time":0.744025293},
{"learn":[1.667079776],"iteration":407,"passed_time":0.5121158802,"remaining_time":0.7430701006},
{"learn":[1.665221288],"iteration":408,"passed_time":0.51315839,"remaining_time":0.7415076002},
{"learn":[1.664845327],"iteration":409,"passed_time":0.5142798191,"remaining_time":0.7400612032},
{"learn":[1.663546404],"iteration":410,"passed_time":0.5155784963,"remaining_time":0.7388703998},
{"learn":[1.661983933],"iteration":411,"passed_time":0.516771662,"remaining_time":0.7375284885},
{"learn":[1.659825386],"iteration":412,"passed_time":0.5180673687,"remaining_time":0.7363330398},
{"learn":[1.658744275],"iteration":413,"passed_time":0.5194170993,"remaining_time":0.7352135754},
{"learn":[1.65643398],"iteration":414,"passed_time":0.520791118,"remaining_time":0.7341272387},
{"learn":[1.653922696],"iteration":415,"passed_time":0.522380494,"remaining_time":0.7333418473},
{"learn":[1.651813081],"iteration":416,"passed_time":0.5237651576,"remaining_time":0.7322663955},
{"learn":[1.650171082],"iteration":417,"passed_time":0.5250463387,"remaining_time":0.7310453807},
{"learn":[1.647854194],"iteration":418,"passed_time":0.526279205,"remaining_time":0.7297570837},
{"learn":[1.64774895],"iteration":419,"passed_time":0.5274920955,"remaining_time":0.7284414652},
{"learn":[1.647542812],"iteration":420,"passed_time":0.5285158623,"remaining_time":0.7268662334},
{"learn":[1.646296889],"iteration":421,"passed_time":0.5296455307,"remaining_time":0.7254386653},
{"learn":[1.646142714],"iteration":422,"passed_time":0.5306828614,"remaining_time":0.7238865509},
{"learn":[1.645239767],"iteration":423,"passed_time":0.5321197515,"remaining_time":0.7228796625},
{"learn":[1.644908331],"iteration":424,"passed_time":0.5332231584,"remaining_time":0.7214195672},
{"learn":[1.644134819],"iteration":425,"passed_time":0.5344445139,"remaining_time":0.7201200727},
{"learn":[1.642290711],"iteration":426,"passed_time":0.5356599937,"remaining_time":0.7188130595},
{"learn":[1.640843236],"iteration":427,"passed_time":0.5369004171,"remaining_time":0.7175398098},
{"learn":[1.640669921],"iteration":428,"passed_time":0.5380924466,"remaining_time":0.7162023007},
{"learn":[1.640416831],"iteration":429,"passed_time":0.5392173619,"remaining_time":0.7147765029},
{"learn":[1.640214357],"iteration":430,"passed_time":0.540232834,"remaining_time":0.7132076161},
{"learn":[1.639094831],"iteration":431,"passed_time":0.5414044259,"remaining_time":0.71184656},
{"learn":[1.637627333],"iteration":432,"passed_time":0.5426246189,"remaining_time":0.7105500205},
{"learn":[1.635588455],"iteration":433,"passed_time":0.5437811914,"remaining_time":0.7091708626},
{"learn":[1.632811997],"iteration":434,"passed_time":0.5450254278,"remaining_time":0.7079065901},
{"learn":[1.631454381],"iteration":435,"passed_time":0.5461022281,"remaining_time":0.706425818},
{"learn":[1.629724875],"iteration":436,"passed_time":0.5471741399,"remaining_time":0.7049405967},
{"learn":[1.62866062],"iteration":437,"passed_time":0.5482809632,"remaining_time":0.7035020578},
{"learn":[1.626672463],"iteration":438,"passed_time":0.5494146239,"remaining_time":0.7020993258},
{"learn":[1.623754417],"iteration":439,"passed_time":0.5505638621,"remaining_time":0.7007176427},
{"learn":[1.621129876],"iteration":440,"passed_time":0.5517376737,"remaining_time":0.6993681623},
{"learn":[1.619729079],"iteration":441,"passed_time":0.552748688,"remaining_time":0.6978139545},
{"learn":[1.618486235],"iteration":442,"passed_time":0.5538674424,"remaining_time":0.6963976645},
{"learn":[1.616952884],"iteration":443,"passed_time":0.5549255397,"remaining_time":0.6949067569},
{"learn":[1.616905824],"iteration":444,"passed_time":0.5559036058,"remaining_time":0.6933179803},
{"learn":[1.616135334],"iteration":445,"passed_time":0.5570366855,"remaining_time":0.6919244928},
{"learn":[1.613696205],"iteration":446,"passed_time":0.5581073851,"remaining_time":0.6904549977},
{"learn":[1.612816829],"iteration":447,"passed_time":0.559296133,"remaining_time":0.6891327353},
{"learn":[1.612755202],"iteration":448,"passed_time":0.5603542204,"remaining_time":0.6876507248},
{"learn":[1.61268402],"iteration":449,"passed_time":0.5613448887,"remaining_time":0.6860881973},
{"learn":[1.612319771],"iteration":450,"passed_time":0.5625075706,"remaining_time":0.6847375971},
{"learn":[1.61090651],"iteration":451,"passed_time":0.5635561011,"remaining_time":0.6832494323},
{"learn":[1.610516708],"iteration":452,"passed_time":0.564640014,"remaining_time":0.6818059331},
{"learn":[1.609541443],"iteration":453,"passed_time":0.5657657207,"remaining_time":0.6804142808},
{"learn":[1.609305142],"iteration":454,"passed_time":0.5668306601,"remaining_time":0.6789510105},
{"learn":[1.608734303],"iteration":455,"passed_time":0.567936632,"remaining_time":0.6775384381},
{"learn":[1.607225337],"iteration":456,"passed_time":0.5690746804,"remaining_time":0.6761653205},
{"learn":[1.606527798],"iteration":457,"passed_time":0.5703073459,"remaining_time":0.6749051997},
{"learn":[1.605774374],"iteration":458,"passed_time":0.5713490042,"remaining_time":0.6734200681},
{"learn":[1.604707439],"iteration":459,"passed_time":0.572443025,"remaining_time":0.6719983336},
{"learn":[1.603577897],"iteration":460,"passed_time":0.5737888949,"remaining_time":0.6708724824},
{"learn":[1.601263496],"iteration":461,"passed_time":0.575294618,"remaining_time":0.6699318279},
{"learn":[1.600576798],"iteration":462,"passed_time":0.5765540502,"remaining_time":0.6687030776},
{"learn":[1.599109775],"iteration":463,"passed_time":0.5778651426,"remaining_time":0.6675338716},
{"learn":[1.598018681],"iteration":464,"passed_time":0.5792309244,"remaining_time":0.6664269775},
{"learn":[1.597568099],"iteration":465,"passed_time":0.5804655528,"remaining_time":0.6651686807},
{"learn":[1.595865869],"iteration":466,"passed_time":0.5816886523,"remaining_time":0.663897327},
{"learn":[1.59415289],"iteration":467,"passed_time":0.5828718304,"remaining_time":0.6625807987},
{"learn":[1.593145091],"iteration":468,"passed_time":0.5840030468,"remaining_time":0.6612060082},
{"learn":[1.591905415],"iteration":469,"passed_time":0.5851285331,"remaining_time":0.6598257926},
{"learn":[1.590431349],"iteration":470,"passed_time":0.5861996434,"remaining_time":0.6583855868},
{"learn":[1.59037773],"iteration":471,"passed_time":0.5873127874,"remaining_time":0.6569939656},
{"learn":[1.589431834],"iteration":472,"passed_time":0.5884267233,"remaining_time":0.6556044042},
{"learn":[1.58776766],"iteration":473,"passed_time":0.5896152614,"remaining_time":0.6542987922},
{"learn":[1.585305262],"iteration":474,"passed_time":0.5906820941,"remaining_time":0.6528591567},
{"learn":[1.584750397],"iteration":475,"passed_time":0.5920029242,"remaining_time":0.6517006981},
{"learn":[1.58391943],"iteration":476,"passed_time":0.5931084653,"remaining_time":0.6503055081},
{"learn":[1.582408268],"iteration":477,"passed_time":0.594264786,"remaining_time":0.6489669839},
{"learn":[1.581324062],"iteration":478,"passed_time":0.5953556011,"remaining_time":0.6475579711},
{"learn":[1.58124215],"iteration":479,"passed_time":0.5964039513,"remaining_time":0.6461042805},
{"learn":[1.58091575],"iteration":480,"passed_time":0.5974480739,"remaining_time":0.6446477139},
{"learn":[1.580128679],"iteration":481,"passed_time":0.5985311754,"remaining_time":0.6432347487},
{"learn":[1.579702307],"iteration":482,"passed_time":0.5996220707,"remaining_time":0.6418314918},
{"learn":[1.578269102],"iteration":483,"passed_time":0.6007176351,"remaining_time":0.6404345035},
{"learn":[1.577091911],"iteration":484,"passed_time":0.6019032566,"remaining_time":0.6391343858},
{"learn":[1.576788143],"iteration":485,"passed_time":0.6030786509,"remaining_time":0.637823923},
{"learn":[1.576691607],"iteration":486,"passed_time":0.6041349651,"remaining_time":0.6363885772},
{"learn":[1.576656913],"iteration":487,"passed_time":0.6052508945,"remaining_time":0.635017332},
{"learn":[1.575129196],"iteration":488,"passed_time":0.6064986566,"remaining_time":0.6337848947},
{"learn":[1.574236479],"iteration":489,"passed_time":0.6076101783,"remaining_time":0.6324105937},
{"learn":[1.573309855],"iteration":490,"passed_time":0.6087736616,"remaining_time":0.6310912296},
{"learn":[1.572433925],"iteration":491,"passed_time":0.6099135834,"remaining_time":0.6297481714},
{"learn":[1.57054724],"iteration":492,"passed_time":0.6110467933,"remaining_time":0.6283990349},
{"learn":[1.569095949],"iteration":493,"passed_time":0.6120953137,"remaining_time":0.6269640258},
{"learn":[1.568693973],"iteration":494,"passed_time":0.613122797,"remaining_time":0.6255091162},
{"learn":[1.568231863],"iteration":495,"passed_time":0.6141905414,"remaining_time":0.6240968405},
{"learn":[1.568072516],"iteration":496,"passed_time":0.6152577048,"remaining_time":0.6226853632},
{"learn":[1.566837583],"iteration":497,"passed_time":0.6163713101,"remaining_time":0.6213220837},
{"learn":[1.566450715],"iteration":498,"passed_time":0.6175126744,"remaining_time":0.6199876751},
{"learn":[1.565032932],"iteration":499,"passed_time":0.6186198584,"remaining_time":0.6186198584},
{"learn":[1.564117499],"iteration":500,"passed_time":0.6196884042,"remaining_time":0.6172145982},
{"learn":[1.561545826],"iteration":501,"passed_time":0.6208675251,"remaining_time":0.6159203735},
{"learn":[1.560324684],"iteration":502,"passed_time":0.6220184363,"remaining_time":0.6145987333},
{"learn":[1.55963167],"iteration":503,"passed_time":0.6231132184,"remaining_time":0.6132225324},
{"learn":[1.559312275],"iteration":504,"passed_time":0.6242339563,"remaining_time":0.6118728878},
{"learn":[1.558161514],"iteration":505,"passed_time":0.6253434143,"remaining_time":0.6105131357},
{"learn":[1.557307169],"iteration":506,"passed_time":0.6264369141,"remaining_time":0.6091388534},
{"learn":[1.556969098],"iteration":507,"passed_time":0.6276166561,"remaining_time":0.6078492024},
{"learn":[1.554746386],"iteration":508,"passed_time":0.6288928789,"remaining_time":0.6066530522},
{"learn":[1.553795876],"iteration":509,"passed_time":0.6300566475,"remaining_time":0.6053485437},
{"learn":[1.55217209],"iteration":510,"passed_time":0.6311680528,"remaining_time":0.6039944771},
{"learn":[1.551648961],"iteration":511,"passed_time":0.6322947211,"remaining_time":0.6026559061},
{"learn":[1.55083232],"iteration":512,"passed_time":0.633507241,"remaining_time":0.6013996616},
{"learn":[1.548456829],"iteration":513,"passed_time":0.6346794598,"remaining_time":0.6001054814},
{"learn":[1.547843592],"iteration":514,"passed_time":0.635991439,"remaining_time":0.598943394},
{"learn":[1.546514025],"iteration":515,"passed_time":0.6372960857,"remaining_time":0.5977738479},
{"learn":[1.546257782],"iteration":516,"passed_time":0.6384910761,"remaining_time":0.5965013342},
{"learn":[1.546231435],"iteration":517,"passed_time":0.6395414293,"remaining_time":0.5950945346},
{"learn":[1.545435862],"iteration":518,"passed_time":0.6406885939,"remaining_time":0.5937788317},
{"learn":[1.543455146],"iteration":519,"passed_time":0.6417207054,"remaining_time":0.5923575742},
{"learn":[1.542475431],"iteration":520,"passed_time":0.6428637827,"remaining_time":0.5910398309},
{"learn":[1.541244113],"iteration":521,"passed_time":0.6446867699,"remaining_time":0.5903453564},
{"learn":[1.540381915],"iteration":522,"passed_time":0.6461806864,"remaining_time":0.5893464387},
{"learn":[1.539245985],"iteration":523,"passed_time":0.6474867214,"remaining_time":0.5881749606},
{"learn":[1.538863875],"iteration":524,"passed_time":0.6487996079,"remaining_time":0.5870091691},
{"learn":[1.537825061],"iteration":525,"passed_time":0.6500990622,"remaining_time":0.5858307138},
{"learn":[1.536781207],"iteration":526,"passed_time":0.6511796492,"remaining_time":0.5844553588},
{"learn":[1.536013389],"iteration":527,"passed_time":0.6523919578,"remaining_time":0.5831988713},
{"learn":[1.534080551],"iteration":528,"passed_time":0.6536323168,"remaining_time":0.5819675259},
{"learn":[1.533733812],"iteration":529,"passed_time":0.6548794387,"remaining_time":0.5807421437},
{"learn":[1.532599594],"iteration":530,"passed_time":0.6561630531,"remaining_time":0.5795489113},
{"learn":[1.532393334],"iteration":531,"passed_time":0.6574930908,"remaining_time":0.5783961776},
{"learn":[1.53019802],"iteration":532,"passed_time":0.6587796814,"remaining_time":0.5772047115},
{"learn":[1.529936328],"iteration":533,"passed_time":0.6599701023,"remaining_time":0.5759289657},
{"learn":[1.529654088],"iteration":534,"passed_time":0.6611430419,"remaining_time":0.5746383448},
{"learn":[1.529491539],"iteration":535,"passed_time":0.6622928811,"remaining_time":0.5733281658},
{"learn":[1.528452031],"iteration":536,"passed_time":0.6635397616,"remaining_time":0.5721022526},
{"learn":[1.528082033],"iteration":537,"passed_time":0.6648461281,"remaining_time":0.5709273442},
{"learn":[1.527489532],"iteration":538,"passed_time":0.6663226429,"remaining_time":0.5698974738},
{"learn":[1.525811806],"iteration":539,"passed_time":0.6677945783,"remaining_time":0.5688620482},
{"learn":[1.524373488],"iteration":540,"passed_time":0.6690548124,"remaining_time":0.5676453953},
{"learn":[1.522497932],"iteration":541,"passed_time":0.670774109,"remaining_time":0.566816498},
{"learn":[1.520080669],"iteration":542,"passed_time":0.672303749,"remaining_time":0.5658247022},
{"learn":[1.519204208],"iteration":543,"passed_time":0.6735787744,"remaining_time":0.5646175021},
{"learn":[1.517612101],"iteration":544,"passed_time":0.6749124982,"remaining_time":0.5634590581},
{"learn":[1.516690426],"iteration":545,"passed_time":0.6763514472,"remaining_time":0.5623874671},
{"learn":[1.516196567],"iteration":546,"passed_time":0.6776079147,"remaining_time":0.5611634101},
{"learn":[1.516168315],"iteration":547,"passed_time":0.6786664127,"remaining_time":0.5597759463},
{"learn":[1.514859627],"iteration":548,"passed_time":0.6799714659,"remaining_time":0.5585922243},
{"learn":[1.514524644],"iteration":549,"passed_time":0.6811924107,"remaining_time":0.5573392451},
{"learn":[1.514339381],"iteration":550,"passed_time":0.6826072176,"remaining_time":0.556244357},
{"learn":[1.513032178],"iteration":551,"passed_time":0.6842456796,"remaining_time":0.5553298269},
{"learn":[1.51213126],"iteration":552,"passed_time":0.6862340883,"remaining_time":0.554695547},
{"learn":[1.511170644],"iteration":553,"passed_time":0.6877936507,"remaining_time":0.5537111339},
{"learn":[1.510473526],"iteration":554,"passed_time":0.6905228573,"remaining_time":0.5536624711},
{"learn":[1.510081557],"iteration":555,"passed_time":0.6916419427,"remaining_time":0.5523183859},
{"learn":[1.509279286],"iteration":556,"passed_time":0.692814462,"remaining_time":0.5510176062},
{"learn":[1.508150712],"iteration":557,"passed_time":0.6940783521,"remaining_time":0.5497896624},
{"learn":[1.508124702],"iteration":558,"passed_time":0.6950950664,"remaining_time":0.5483665908},
{"learn":[1.507762017],"iteration":559,"passed_time":0.6961647843,"remaining_time":0.5469866162},
{"learn":[1.507244991],"iteration":560,"passed_time":0.6972425964,"remaining_time":0.5456140817},
{"learn":[1.507233044],"iteration":561,"passed_time":0.6983136776,"remaining_time":0.5442373502},
{"learn":[1.505742798],"iteration":562,"passed_time":0.6994115351,"remaining_time":0.5428824882},
{"learn":[1.504207791],"iteration":563,"passed_time":0.7005343868,"remaining_time":0.5415478593},
{"learn":[1.503434591],"iteration":564,"passed_time":0.7015930752,"remaining_time":0.54016458},
{"learn":[1.503042751],"iteration":565,"passed_time":0.7027283487,"remaining_time":0.538841172},
{"learn":[1.502098278],"iteration":566,"passed_time":0.7038959894,"remaining_time":0.5375431454},
{"learn":[1.501388031],"iteration":567,"passed_time":0.7049998676,"remaining_time":0.5361970824},
{"learn":[1.500666472],"iteration":568,"passed_time":0.7061862814,"remaining_time":0.5349143889},
{"learn":[1.499755073],"iteration":569,"passed_time":0.7073408189,"remaining_time":0.5336079862},
{"learn":[1.499015615],"iteration":570,"passed_time":0.7083992168,"remaining_time":0.5322298844},
{"learn":[1.498973472],"iteration":571,"passed_time":0.7096241682,"remaining_time":0.5309775244},
{"learn":[1.498955289],"iteration":572,"passed_time":0.7106244134,"remaining_time":0.5295578089},
{"learn":[1.498603789],"iteration":573,"passed_time":0.7117520835,"remaining_time":0.5282341247},
{"learn":[1.497708554],"iteration":574,"passed_time":0.713205999,"remaining_time":0.5271522601},
{"learn":[1.496988478],"iteration":575,"passed_time":0.7145095695,"remaining_time":0.5259584331},
{"learn":[1.495878075],"iteration":576,"passed_time":0.7156052943,"remaining_time":0.5246118535},
{"learn":[1.49474449],"iteration":577,"passed_time":0.7166875643,"remaining_time":0.5232563185},
{"learn":[1.493625686],"iteration":578,"passed_time":0.7178551148,"remaining_time":0.5219637363},
{"learn":[1.492944682],"iteration":579,"passed_time":0.7189583217,"remaining_time":0.5206249916},
{"learn":[1.491241206],"iteration":580,"passed_time":0.720107009,"remaining_time":0.5193198567},
{"learn":[1.491184904],"iteration":581,"passed_time":0.7213007257,"remaining_time":0.5180476002},
{"learn":[1.490166674],"iteration":582,"passed_time":0.7224921984,"remaining_time":0.5167740081},
{"learn":[1.488472914],"iteration":583,"passed_time":0.723596878,"remaining_time":0.515438872},
{"learn":[1.48646327],"iteration":584,"passed_time":0.7246342588,"remaining_time":0.5140567819},
{"learn":[1.485697846],"iteration":585,"passed_time":0.7257519814,"remaining_time":0.5127326285},
{"learn":[1.485005286],"iteration":586,"passed_time":0.7268797717,"remaining_time":0.5114162619},
{"learn":[1.484544505],"iteration":587,"passed_time":0.7280187819,"remaining_time":0.5101083982},
{"learn":[1.483984763],"iteration":588,"passed_time":0.7290808863,"remaining_time":0.5087474436},
{"learn":[1.482738931],"iteration":589,"passed_time":0.7301294167,"remaining_time":0.5073780693},
{"learn":[1.482695499],"iteration":590,"passed_time":0.7311675679,"remaining_time":0.5060025978},
{"learn":[1.482056681],"iteration":591,"passed_time":0.732393532,"remaining_time":0.5047577045},
{"learn":[1.482040943],"iteration":592,"passed_time":0.7335595599,"remaining_time":0.5034717384},
{"learn":[1.481217852],"iteration":593,"passed_time":0.7346903102,"remaining_time":0.5021620639},
{"learn":[1.480247765],"iteration":594,"passed_time":0.7357979951,"remaining_time":0.5008372908},
{"learn":[1.479237815],"iteration":595,"passed_time":0.736882459,"remaining_time":0.4994975057},
{"learn":[1.478376713],"iteration":596,"passed_time":0.7380912437,"remaining_time":0.4982424978},
{"learn":[1.477947676],"iteration":597,"passed_time":0.7393052113,"remaining_time":0.4969911287},
{"learn":[1.477014571],"iteration":598,"passed_time":0.7404195279,"remaining_time":0.4956731731},
{"learn":[1.476513891],"iteration":599,"passed_time":0.7414742894,"remaining_time":0.4943161929},
{"learn":[1.4760815],"iteration":600,"passed_time":0.7426062266,"remaining_time":0.4930114549},
{"learn":[1.475233505],"iteration":601,"passed_time":0.7437883719,"remaining_time":0.4917404851},
{"learn":[1.474380463],"iteration":602,"passed_time":0.7448135512,"remaining_time":0.4903664673},
{"learn":[1.473004174],"iteration":603,"passed_time":0.7459142036,"remaining_time":0.4890430871},
{"learn":[1.47263902],"iteration":604,"passed_time":0.7470285502,"remaining_time":0.487729384},
{"learn":[1.472173283],"iteration":605,"passed_time":0.7480650895,"remaining_time":0.4863657513},
{"learn":[1.471063574],"iteration":606,"passed_time":0.7491693283,"remaining_time":0.4850470281},
{"learn":[1.470512016],"iteration":607,"passed_time":0.7502775241,"remaining_time":0.4837315616},
{"learn":[1.46955326],"iteration":608,"passed_time":0.7513450481,"remaining_time":0.4823906631},
{"learn":[1.469349305],"iteration":609,"passed_time":0.7524117807,"remaining_time":0.4810501549},
{"learn":[1.468544937],"iteration":610,"passed_time":0.7534383023,"remaining_time":0.4796849421},
{"learn":[1.467104418],"iteration":611,"passed_time":0.7546258882,"remaining_time":0.4784229487},
{"learn":[1.46653509],"iteration":612,"passed_time":0.7558355325,"remaining_time":0.4771751241},
{"learn":[1.466376904],"iteration":613,"passed_time":0.7569974832,"remaining_time":0.4758974406},
{"learn":[1.465796186],"iteration":614,"passed_time":0.7580644662,"remaining_time":0.4745606821},
{"learn":[1.465449396],"iteration":615,"passed_time":0.7590999536,"remaining_time":0.4732051659},
{"learn":[1.464001028],"iteration":616,"passed_time":0.7601067905,"remaining_time":0.4718329024},
{"learn":[1.463757478],"iteration":617,"passed_time":0.761260156,"remaining_time":0.4705523942},
{"learn":[1.461662519],"iteration":618,"passed_time":0.7623304048,"remaining_time":0.4692211377},
{"learn":[1.461169866],"iteration":619,"passed_time":0.7634557108,"remaining_time":0.4679244679},
{"learn":[1.460375468],"iteration":620,"passed_time":0.764481451,"remaining_time":0.4665675844},
{"learn":[1.458895801],"iteration":621,"passed_time":0.7655819933,"remaining_time":0.4652572242},
{"learn":[1.458781488],"iteration":622,"passed_time":0.7666079639,"remaining_time":0.4639024116},
{"learn":[1.458568941],"iteration":623,"passed_time":0.7675760124,"remaining_time":0.462513751},
{"learn":[1.458098781],"iteration":624,"passed_time":0.7686005305,"remaining_time":0.4611603183},
{"learn":[1.457316726],"iteration":625,"passed_time":0.7698799188,"remaining_time":0.4599602071},
{"learn":[1.456330928],"iteration":626,"passed_time":0.7709398094,"remaining_time":0.4586292646},
{"learn":[1.454088322],"iteration":627,"passed_time":0.772044519,"remaining_time":0.4573257342},
{"learn":[1.454044717],"iteration":628,"passed_time":0.7730038019,"remaining_time":0.4559370596},
{"learn":[1.454024004],"iteration":629,"passed_time":0.7740294921,"remaining_time":0.4545887493},
{"learn":[1.453563246],"iteration":630,"passed_time":0.7751481964,"remaining_time":0.453295855},
{"learn":[1.453380312],"iteration":631,"passed_time":0.7763137711,"remaining_time":0.4520308034},
{"learn":[1.452818316],"iteration":632,"passed_time":0.7775018278,"remaining_time":0.4507791008},
{"learn":[1.452245492],"iteration":633,"passed_time":0.7786104443,"remaining_time":0.4494817391},
{"learn":[1.451476084],"iteration":634,"passed_time":0.7797116677,"remaining_time":0.4481807224},
{"learn":[1.450030221],"iteration":635,"passed_time":0.7807719389,"remaining_time":0.4468568959},
{"learn":[1.449622976],"iteration":636,"passed_time":0.7818399237,"remaining_time":0.4455382925},
{"learn":[1.449599828],"iteration":637,"passed_time":0.782926301,"remaining_time":0.4442309106},
{"learn":[1.448623848],"iteration":638,"passed_time":0.7841612839,"remaining_time":0.4430081745},
{"learn":[1.447729136],"iteration":639,"passed_time":0.7851974926,"remaining_time":0.4416735896},
{"learn":[1.446138552],"iteration":640,"passed_time":0.7863327161,"remaining_time":0.4403953901},
{"learn":[1.445818282],"iteration":641,"passed_time":0.7873840515,"remaining_time":0.4390708574},
{"learn":[1.444776879],"iteration":642,"passed_time":0.7885009025,"remaining_time":0.4377835493},
{"learn":[1.444019768],"iteration":643,"passed_time":0.7895059963,"remaining_time":0.4364349918},
{"learn":[1.443325373],"iteration":644,"passed_time":0.7905463824,"remaining_time":0.4351069237},
{"learn":[1.443248223],"iteration":645,"passed_time":0.7916611541,"remaining_time":0.4338205086},
{"learn":[1.443232077],"iteration":646,"passed_time":0.7926319874,"remaining_time":0.4324560921},
{"learn":[1.442575439],"iteration":647,"passed_time":0.7936807283,"remaining_time":0.4311352104},
{"learn":[1.442170134],"iteration":648,"passed_time":0.7947250413,"remaining_time":0.4298127727},
{"learn":[1.442151445],"iteration":649,"passed_time":0.7958248623,"remaining_time":0.4285210797},
{"learn":[1.441737743],"iteration":650,"passed_time":0.7969083945,"remaining_time":0.4272212438},
{"learn":[1.441723918],"iteration":651,"passed_time":0.7979016274,"remaining_time":0.4258738748},
{"learn":[1.441320564],"iteration":652,"passed_time":0.7989555875,"remaining_time":0.4245598604},
{"learn":[1.440963224],"iteration":653,"passed_time":0.8001356553,"remaining_time":0.4233133589},
{"learn":[1.439324082],"iteration":654,"passed_time":0.8013471038,"remaining_time":0.422083589},
{"learn":[1.43823442],"iteration":655,"passed_time":0.8024751947,"remaining_time":0.4208101631},
{"learn":[1.436828364],"iteration":656,"passed_time":0.8036101777,"remaining_time":0.4195407777},
{"learn":[1.435553154],"iteration":657,"passed_time":0.8046873587,"remaining_time":0.4182417579},
{"learn":[1.434907458],"iteration":658,"passed_time":0.8057257313,"remaining_time":0.4169233298},
{"learn":[1.433524208],"iteration":659,"passed_time":0.8068732264,"remaining_time":0.4156619651},
{"learn":[1.433141482],"iteration":660,"passed_time":0.8079657335,"remaining_time":0.4143727438},
{"learn":[1.432160493],"iteration":661,"passed_time":0.8090630501,"remaining_time":0.4130865724},
{"learn":[1.430823954],"iteration":662,"passed_time":0.8102205925,"remaining_time":0.4118315832},
{"learn":[1.430680837],"iteration":663,"passed_time":0.8112992118,"remaining_time":0.4105369505},
{"learn":[1.429072372],"iteration":664,"passed_time":0.8125214125,"remaining_time":0.409315298},
{"learn":[1.428071618],"iteration":665,"passed_time":0.8136680161,"remaining_time":0.4080557318},
{"learn":[1.426025887],"iteration":666,"passed_time":0.8149295926,"remaining_time":0.4068539045},
{"learn":[1.425677284],"iteration":667,"passed_time":0.8160461044,"remaining_time":0.4055798004},
{"learn":[1.425151112],"iteration":668,"passed_time":0.8172398416,"remaining_time":0.4043443761},
{"learn":[1.424601044],"iteration":669,"passed_time":0.8183645566,"remaining_time":0.4030750801},
{"learn":[1.424322216],"iteration":670,"passed_time":0.8194106527,"remaining_time":0.4017676673},
{"learn":[1.423686373],"iteration":671,"passed_time":0.8206050206,"remaining_time":0.4005334029},
{"learn":[1.423019596],"iteration":672,"passed_time":0.8218232906,"remaining_time":0.3993108708},
{"learn":[1.423000334],"iteration":673,"passed_time":0.8227842565,"remaining_time":0.3979638986},
{"learn":[1.422160087],"iteration":674,"passed_time":0.8239012178,"remaining_time":0.3966931789},
{"learn":[1.421273578],"iteration":675,"passed_time":0.8256923884,"remaining_time":0.395746056},
{"learn":[1.421179464],"iteration":676,"passed_time":0.827103327,"remaining_time":0.394615029},
{"learn":[1.420287845],"iteration":677,"passed_time":0.8283339489,"remaining_time":0.3933975391},
{"learn":[1.420025721],"iteration":678,"passed_time":0.8298035725,"remaining_time":0.3922929997},
{"learn":[1.418259435],"iteration":679,"passed_time":0.8309978516,"remaining_time":0.3910578125},
{"learn":[1.417700092],"iteration":680,"passed_time":0.832285704,"remaining_time":0.3898665779},
{"learn":[1.417590927],"iteration":681,"passed_time":0.8334111812,"remaining_time":0.3885993484},
{"learn":[1.417181223],"iteration":682,"passed_time":0.8347464968,"remaining_time":0.3874299261},
{"learn":[1.416869006],"iteration":683,"passed_time":0.8358993924,"remaining_time":0.3861757427},
{"learn":[1.415223386],"iteration":684,"passed_time":0.8371699547,"remaining_time":0.3849759646},
{"learn":[1.414379146],"iteration":685,"passed_time":0.8384621452,"remaining_time":0.3837858799},
{"learn":[1.413652633],"iteration":686,"passed_time":0.8398857777,"remaining_time":0.3826553834},
{"learn":[1.413132935],"iteration":687,"passed_time":0.8411957796,"remaining_time":0.3814725047},
{"learn":[1.413010976],"iteration":688,"passed_time":0.8424859866,"remaining_time":0.380280322},
{"learn":[1.412570182],"iteration":689,"passed_time":0.8439471448,"remaining_time":0.3791646593},
{"learn":[1.412202731],"iteration":690,"passed_time":0.8454092757,"remaining_time":0.3780484315},
{"learn":[1.411745003],"iteration":691,"passed_time":0.8467975958,"remaining_time":0.3768983519},
{"learn":[1.410257772],"iteration":692,"passed_time":0.8482099474,"remaining_time":0.3757582307},
{"learn":[1.409142246],"iteration":693,"passed_time":0.8497719293,"remaining_time":0.3746833002},
{"learn":[1.409069978],"iteration":694,"passed_time":0.851262123,"remaining_time":0.3735754641},
{"learn":[1.408614577],"iteration":695,"passed_time":0.8527897404,"remaining_time":0.3724828751},
{"learn":[1.408097599],"iteration":696,"passed_time":0.8541566423,"remaining_time":0.3713191716},
{"learn":[1.407899669],"iteration":697,"passed_time":0.8555354633,"remaining_time":0.3701600428},
{"learn":[1.407567356],"iteration":698,"passed_time":0.856777437,"remaining_time":0.368941357},
{"learn":[1.407033407],"iteration":699,"passed_time":0.8580684149,"remaining_time":0.3677436064},
{"learn":[1.405561483],"iteration":700,"passed_time":0.8593316958,"remaining_time":0.3665337761},
{"learn":[1.405206902],"iteration":701,"passed_time":0.8608624535,"remaining_time":0.3654373378},
{"learn":[1.405195048],"iteration":702,"passed_time":0.8624111968,"remaining_time":0.3643472624},
{"learn":[1.404113847],"iteration":703,"passed_time":0.8638592962,"remaining_time":0.3632135677},
{"learn":[1.402822313],"iteration":704,"passed_time":0.8654662737,"remaining_time":0.362145462},
{"learn":[1.402308009],"iteration":705,"passed_time":0.8681804833,"remaining_time":0.3615369151},
{"learn":[1.401823873],"iteration":706,"passed_time":0.8694179873,"remaining_time":0.3603104247},
{"learn":[1.401014466],"iteration":707,"passed_time":0.8705741076,"remaining_time":0.3590503382},
{"learn":[1.400589083],"iteration":708,"passed_time":0.8716259339,"remaining_time":0.3577477387},
{"learn":[1.398574879],"iteration":709,"passed_time":0.8727729191,"remaining_time":0.3564847134},
{"learn":[1.398039582],"iteration":710,"passed_time":0.8739408903,"remaining_time":0.3552305447},
{"learn":[1.397674735],"iteration":711,"passed_time":0.8750593542,"remaining_time":0.3539565927},
{"learn":[1.397513363],"iteration":712,"passed_time":0.8761808435,"remaining_time":0.3526842946},
{"learn":[1.396816104],"iteration":713,"passed_time":0.8773789479,"remaining_time":0.351443108},
{"learn":[1.39657556],"iteration":714,"passed_time":0.8785290877,"remaining_time":0.3501829231},
{"learn":[1.396255541],"iteration":715,"passed_time":0.8797727516,"remaining_time":0.3489601417},
{"learn":[1.394395101],"iteration":716,"passed_time":0.8809683115,"remaining_time":0.3477183154},
{"learn":[1.393550085],"iteration":717,"passed_time":0.8820915939,"remaining_time":0.3464482305},
{"learn":[1.393082534],"iteration":718,"passed_time":0.8834556312,"remaining_time":0.3452726459},
{"learn":[1.392531554],"iteration":719,"passed_time":0.8846462925,"remaining_time":0.3440291138},
{"learn":[1.391892668],"iteration":720,"passed_time":0.8858487246,"remaining_time":0.3427902832},
{"learn":[1.391417204],"iteration":721,"passed_time":0.8869910506,"remaining_time":0.3415284101},
{"learn":[1.390456672],"iteration":722,"passed_time":0.8882147812,"remaining_time":0.3402980559},
{"learn":[1.390162399],"iteration":723,"passed_time":0.8893629175,"remaining_time":0.3390389022},
{"learn":[1.389469446],"iteration":724,"passed_time":0.8906943572,"remaining_time":0.3378495838},
{"learn":[1.388468816],"iteration":725,"passed_time":0.8919768706,"remaining_time":0.3366414085},
{"learn":[1.388329541],"iteration":726,"passed_time":0.8931015355,"remaining_time":0.335373754},
{"learn":[1.388011434],"iteration":727,"passed_time":0.8945154818,"remaining_time":0.3342145756},
{"learn":[1.387632607],"iteration":728,"passed_time":0.8957202179,"remaining_time":0.332976926},
{"learn":[1.38705259],"iteration":729,"passed_time":0.8968764284,"remaining_time":0.3317214187},
{"learn":[1.386563168],"iteration":730,"passed_time":0.8980081057,"remaining_time":0.3304571552},
{"learn":[1.385883304],"iteration":731,"passed_time":0.8990877711,"remaining_time":0.3291742113},
{"learn":[1.385047397],"iteration":732,"passed_time":0.9002695367,"remaining_time":0.3279290127},
{"learn":[1.38474578],"iteration":733,"passed_time":0.901415419,"remaining_time":0.3266709829},
{"learn":[1.383828619],"iteration":734,"passed_time":0.9025361769,"remaining_time":0.3254041998},
{"learn":[1.383379681],"iteration":735,"passed_time":0.9036519761,"remaining_time":0.3241360349},
{"learn":[1.383041718],"iteration":736,"passed_time":0.9047785843,"remaining_time":0.3228721407},
{"learn":[1.382250498],"iteration":737,"passed_time":0.9058892845,"remaining_time":0.3216029709},
{"learn":[1.381635433],"iteration":738,"passed_time":0.9073044311,"remaining_time":0.3204417544},
{"learn":[1.38039725],"iteration":739,"passed_time":0.9090604911,"remaining_time":0.319399632},
{"learn":[1.380124679],"iteration":740,"passed_time":0.9102429981,"remaining_time":0.31815511},
{"learn":[1.37997345],"iteration":741,"passed_time":0.9115140608,"remaining_time":0.3169415467},
{"learn":[1.379894747],"iteration":742,"passed_time":0.9126901764,"remaining_time":0.315694987},
{"learn":[1.378622578],"iteration":743,"passed_time":0.9138362986,"remaining_time":0.3144382963},
{"learn":[1.377845246],"iteration":744,"passed_time":0.9149923589,"remaining_time":0.313185304},
{"learn":[1.377466842],"iteration":745,"passed_time":0.9160620066,"remaining_time":0.3119031497},
{"learn":[1.377203233],"iteration":746,"passed_time":0.9172014475,"remaining_time":0.3106452024},
{"learn":[1.376812214],"iteration":747,"passed_time":0.9182460911,"remaining_time":0.309355635},
{"learn":[1.376779606],"iteration":748,"passed_time":0.9192425497,"remaining_time":0.3080505741},
{"learn":[1.375684579],"iteration":749,"passed_time":0.9203571372,"remaining_time":0.3067857124},
{"learn":[1.375031766],"iteration":750,"passed_time":0.9215806971,"remaining_time":0.3055573816},
{"learn":[1.374825164],"iteration":751,"passed_time":0.9227647668,"remaining_time":0.3043160401},
{"learn":[1.373684905],"iteration":752,"passed_time":0.9238684841,"remaining_time":0.3030484935},
{"learn":[1.372577869],"iteration":753,"passed_time":0.9249499427,"remaining_time":0.3017741192},
{"learn":[1.372222579],"iteration":754,"passed_time":0.9260215038,"remaining_time":0.3004970443},
{"learn":[1.371077127],"iteration":755,"passed_time":0.9270799318,"remaining_time":0.2992162743},
{"learn":[1.370501527],"iteration":756,"passed_time":0.9281944287,"remaining_time":0.29795409},
{"learn":[1.370281126],"iteration":757,"passed_time":0.9293240327,"remaining_time":0.2966971186},
{"learn":[1.3699192],"iteration":758,"passed_time":0.9305082526,"remaining_time":0.2954578246},
{"learn":[1.369489098],"iteration":759,"passed_time":0.9317355085,"remaining_time":0.2942322658},
{"learn":[1.36910359],"iteration":760,"passed_time":0.9328415505,"remaining_time":0.2929686341},
{"learn":[1.367455151],"iteration":761,"passed_time":0.9340414071,"remaining_time":0.2917347177},
{"learn":[1.365148107],"iteration":762,"passed_time":0.9353329941,"remaining_time":0.2905293835},
{"learn":[1.364755387],"iteration":763,"passed_time":0.9365101215,"remaining_time":0.2892884669},
{"learn":[1.364197804],"iteration":764,"passed_time":0.9376017581,"remaining_time":0.2880214551},
{"learn":[1.364009561],"iteration":765,"passed_time":0.9387102444,"remaining_time":0.2867600485},
{"learn":[1.363588138],"iteration":766,"passed_time":0.9399044739,"remaining_time":0.2855250879},
{"learn":[1.362799909],"iteration":767,"passed_time":0.9410550358,"remaining_time":0.2842770421},
{"learn":[1.362502955],"iteration":768,"passed_time":0.9422260625,"remaining_time":0.2830353972},
{"learn":[1.361822669],"iteration":769,"passed_time":0.9433479524,"remaining_time":0.2817792585},
{"learn":[1.36173208],"iteration":770,"passed_time":0.9445381429,"remaining_time":0.2805437545},
{"learn":[1.361497413],"iteration":771,"passed_time":0.9457607406,"remaining_time":0.2793179389},
{"learn":[1.360868775],"iteration":772,"passed_time":0.9469174319,"remaining_time":0.2780727775},
{"learn":[1.360559544],"iteration":773,"passed_time":0.9481443763,"remaining_time":0.2768483579},
{"learn":[1.359537565],"iteration":774,"passed_time":0.9492263959,"remaining_time":0.2755818569},
{"learn":[1.359065419],"iteration":775,"passed_time":0.9502621438,"remaining_time":0.2743024745},
{"learn":[1.3580428],"iteration":776,"passed_time":0.9513942818,"remaining_time":0.2730513833},
{"learn":[1.357722215],"iteration":777,"passed_time":0.9526112295,"remaining_time":0.2718247981},
{"learn":[1.357402701],"iteration":778,"passed_time":0.9537271589,"remaining_time":0.2705695791},
{"learn":[1.357384564],"iteration":779,"passed_time":0.9547843246,"remaining_time":0.2692981428},
{"learn":[1.356547065],"iteration":780,"passed_time":0.9559262399,"remaining_time":0.2680510199},
{"learn":[1.356072555],"iteration":781,"passed_time":0.9570527179,"remaining_time":0.2667998625},
{"learn":[1.354851996],"iteration":782,"passed_time":0.958225127,"remaining_time":0.265561753},
{"learn":[1.354373581],"iteration":783,"passed_time":0.959306245,"remaining_time":0.2642986593},
{"learn":[1.353043978],"iteration":784,"passed_time":0.9603837667,"remaining_time":0.2630350444},
{"learn":[1.353028518],"iteration":785,"passed_time":0.9614006312,"remaining_time":0.2617553881},
{"learn":[1.352813249],"iteration":786,"passed_time":0.9625060426,"remaining_time":0.2605003648},
{"learn":[1.352617768],"iteration":787,"passed_time":0.9636137775,"remaining_time":0.2592463462},
{"learn":[1.35119468],"iteration":788,"passed_time":0.9647205608,"remaining_time":0.257992444},
{"learn":[1.351022],"iteration":789,"passed_time":0.9657803111,"remaining_time":0.2567264118},
{"learn":[1.350888063],"iteration":790,"passed_time":0.9668315163,"remaining_time":0.2554586434},
{"learn":[1.35052239],"iteration":791,"passed_time":0.9680527305,"remaining_time":0.2542360706},
{"learn":[1.349441287],"iteration":792,"passed_time":0.9692433918,"remaining_time":0.253005526},
{"learn":[1.348835365],"iteration":793,"passed_time":0.9703841952,"remaining_time":0.2517621464},
{"learn":[1.348121329],"iteration":794,"passed_time":0.9715406761,"remaining_time":0.2505230674},
{"learn":[1.347720492],"iteration":795,"passed_time":0.972657978,"remaining_time":0.2492741552},
{"learn":[1.347363314],"iteration":796,"passed_time":0.9737255621,"remaining_time":0.2480129098},
{"learn":[1.34732775],"iteration":797,"passed_time":0.9747184744,"remaining_time":0.2467332479},
{"learn":[1.346704807],"iteration":798,"passed_time":0.975778986,"remaining_time":0.2454713094},
{"learn":[1.346137448],"iteration":799,"passed_time":0.977081675,"remaining_time":0.2442704188},
{"learn":[1.345454347],"iteration":800,"passed_time":0.9782760529,"remaining_time":0.2430423652},
{"learn":[1.3451049],"iteration":801,"passed_time":0.9794512669,"remaining_time":0.2418096644},
{"learn":[1.344705692],"iteration":802,"passed_time":0.9805801192,"remaining_time":0.2405657328},
{"learn":[1.344683991],"iteration":803,"passed_time":0.9817018946,"remaining_time":0.2393203624},
{"learn":[1.344209396],"iteration":804,"passed_time":0.9828488688,"remaining_time":0.238081403},
{"learn":[1.344170864],"iteration":805,"passed_time":0.9839745554,"remaining_time":0.2368375481},
{"learn":[1.343413862],"iteration":806,"passed_time":0.9850890423,"remaining_time":0.2355913075},
{"learn":[1.342933661],"iteration":807,"passed_time":0.9862360766,"remaining_time":0.2343531271},
{"learn":[1.342644439],"iteration":808,"passed_time":0.9874416342,"remaining_time":0.233128989},
{"learn":[1.339943262],"iteration":809,"passed_time":0.9887536049,"remaining_time":0.2319298579},
{"learn":[1.339125918],"iteration":810,"passed_time":0.9899476922,"remaining_time":0.2307029764},
{"learn":[1.338013499],"iteration":811,"passed_time":0.9912355937,"remaining_time":0.2294978961},
{"learn":[1.337696009],"iteration":812,"passed_time":0.9925043843,"remaining_time":0.2282882163},
{"learn":[1.337675248],"iteration":813,"passed_time":0.9936496856,"remaining_time":0.2270501739},
{"learn":[1.337422894],"iteration":814,"passed_time":0.9947508289,"remaining_time":0.2258023354},
{"learn":[1.337316173],"iteration":815,"passed_time":0.9959431927,"remaining_time":0.2245754258},
{"learn":[1.337277838],"iteration":816,"passed_time":0.9969353537,"remaining_time":0.2233037573},
{"learn":[1.336518894],"iteration":817,"passed_time":0.9979624363,"remaining_time":0.2220405421},
{"learn":[1.336508328],"iteration":818,"passed_time":0.9989302944,"remaining_time":0.2207648148},
{"learn":[1.336395904],"iteration":819,"passed_time":1.000159033,"remaining_time":0.2195471048},
{"learn":[1.336162505],"iteration":820,"passed_time":1.001223011,"remaining_time":0.2182934457},
{"learn":[1.335720126],"iteration":821,"passed_time":1.002277962,"remaining_time":0.2170382936},
{"learn":[1.335270258],"iteration":822,"passed_time":1.003382872,"remaining_time":0.2157943723},
{"learn":[1.334910445],"iteration":823,"passed_time":1.004473327,"remaining_time":0.2145477009},
{"learn":[1.334707891],"iteration":824,"passed_time":1.006240927,"remaining_time":0.2134450451},
{"learn":[1.334439999],"iteration":825,"passed_time":1.007541531,"remaining_time":0.2122424048},
{"learn":[1.334136314],"iteration":826,"passed_time":1.008823174,"remaining_time":0.2110355612},
{"learn":[1.333981183],"iteration":827,"passed_time":1.010239112,"remaining_time":0.2098564338},
{"learn":[1.333965131],"iteration":828,"passed_time":1.011270121,"remaining_time":0.208597335},
{"learn":[1.333664304],"iteration":829,"passed_time":1.012350307,"remaining_time":0.2073488581},
{"learn":[1.332527804],"iteration":830,"passed_time":1.013437957,"remaining_time":0.2061023041},
{"learn":[1.332161351],"iteration":831,"passed_time":1.014469778,"remaining_time":0.204844859},
{"learn":[1.331836377],"iteration":832,"passed_time":1.015637088,"remaining_time":0.2036151185},
{"learn":[1.330610351],"iteration":833,"passed_time":1.016756524,"remaining_time":0.2023759987},
{"learn":[1.330274458],"iteration":834,"passed_time":1.017777686,"remaining_time":0.2011177463},
{"learn":[1.329739195],"iteration":835,"passed_time":1.018972944,"remaining_time":0.1998942138},
{"learn":[1.329133099],"iteration":836,"passed_time":1.020078274,"remaining_time":0.1986532362},
{"learn":[1.328755075],"iteration":837,"passed_time":1.021215141,"remaining_time":0.1974186788},
{"learn":[1.327717046],"iteration":838,"passed_time":1.022393704,"remaining_time":0.1961923556},
{"learn":[1.327311087],"iteration":839,"passed_time":1.023841749,"remaining_time":0.1950174759},
{"learn":[1.326981225],"iteration":840,"passed_time":1.024973263,"remaining_time":0.1937821033},
{"learn":[1.326844137],"iteration":841,"passed_time":1.026238947,"remaining_time":0.1925721539},
{"learn":[1.326650413],"iteration":842,"passed_time":1.027539392,"remaining_time":0.1913685463},
{"learn":[1.325891245],"iteration":843,"passed_time":1.028706024,"remaining_time":0.190139976},
{"learn":[1.325408106],"iteration":844,"passed_time":1.029969153,"remaining_time":0.188929253},
{"learn":[1.323983308],"iteration":845,"passed_time":1.031241597,"remaining_time":0.1877201016},
{"learn":[1.323521155],"iteration":846,"passed_time":1.032538715,"remaining_time":0.1865152578},
{"learn":[1.323130069],"iteration":847,"passed_time":1.033796969,"remaining_time":0.1853032303},
{"learn":[1.320952351],"iteration":848,"passed_time":1.035140099,"remaining_time":0.1841061896},
{"learn":[1.320439653],"iteration":849,"passed_time":1.036536043,"remaining_time":0.1829181252},
{"learn":[1.320342315],"iteration":850,"passed_time":1.03782058,"remaining_time":0.1817100663},
{"learn":[1.32002384],"iteration":851,"passed_time":1.039062532,"remaining_time":0.1804944304},
{"learn":[1.319237965],"iteration":852,"passed_time":1.040284338,"remaining_time":0.179275261},
{"learn":[1.319128617],"iteration":853,"passed_time":1.041874411,"remaining_time":0.1781190445},
{"learn":[1.31867665],"iteration":854,"passed_time":1.043355274,"remaining_time":0.1769432921},
{"learn":[1.318258345],"iteration":855,"passed_time":1.044657466,"remaining_time":0.1757367699},
{"learn":[1.3177372],"iteration":856,"passed_time":1.046121569,"remaining_time":0.1745570412},
{"learn":[1.317371851],"iteration":857,"passed_time":1.047860197,"remaining_time":0.1734220838},
{"learn":[1.317344611],"iteration":858,"passed_time":1.049431105,"remaining_time":0.1722581906},
{"learn":[1.317172885],"iteration":859,"passed_time":1.05079666,"remaining_time":0.1710599214},
{"learn":[1.316734814],"iteration":860,"passed_time":1.052266914,"remaining_time":0.1698781662},
{"learn":[1.31655525],"iteration":861,"passed_time":1.053509737,"remaining_time":0.1686593315},
{"learn":[1.315862591],"iteration":862,"passed_time":1.05475781,"remaining_time":0.1674412746},
{"learn":[1.314176055],"iteration":863,"passed_time":1.056025728,"remaining_time":0.166226272},
{"learn":[1.3139864],"iteration":864,"passed_time":1.057202856,"remaining_time":0.1649969775},
{"learn":[1.313867612],"iteration":865,"passed_time":1.059328786,"remaining_time":0.1639146159},
{"learn":[1.312641194],"iteration":866,"passed_time":1.061252302,"remaining_time":0.162798796},
{"learn":[1.312391815],"iteration":867,"passed_time":1.062745797,"remaining_time":0.1616157203},
{"learn":[1.311351533],"iteration":868,"passed_time":1.065571034,"remaining_time":0.1606326876},
{"learn":[1.311337277],"iteration":869,"passed_time":1.066846985,"remaining_time":0.1594139173},
{"learn":[1.310430586],"iteration":870,"passed_time":1.06805673,"remaining_time":0.1581852103},
{"learn":[1.309663449],"iteration":871,"passed_time":1.069228228,"remaining_time":0.1569509325},
{"learn":[1.309454278],"iteration":872,"passed_time":1.070275676,"remaining_time":0.1556987525},
{"learn":[1.309332976],"iteration":873,"passed_time":1.071484921,"remaining_time":0.1544703662},
{"learn":[1.309302336],"iteration":874,"passed_time":1.072652742,"remaining_time":0.1532361061},
{"learn":[1.309065981],"iteration":875,"passed_time":1.073889144,"remaining_time":0.1520117054},
{"learn":[1.308500844],"iteration":876,"passed_time":1.075081659,"remaining_time":0.1507811221},
{"learn":[1.308134827],"iteration":877,"passed_time":1.076263992,"remaining_time":0.1495492108},
{"learn":[1.307505203],"iteration":878,"passed_time":1.077415314,"remaining_time":0.1483131434},
{"learn":[1.307063706],"iteration":879,"passed_time":1.07863237,"remaining_time":0.1470862322},
{"learn":[1.306845175],"iteration":880,"passed_time":1.079861709,"remaining_time":0.1458610027},
{"learn":[1.306574311],"iteration":881,"passed_time":1.081080009,"remaining_time":0.144634287},
{"learn":[1.305793797],"iteration":882,"passed_time":1.082371915,"remaining_time":0.1434173433},
{"learn":[1.305110673],"iteration":883,"passed_time":1.083470685,"remaining_time":0.1421748862},
{"learn":[1.304767474],"iteration":884,"passed_time":1.084587425,"remaining_time":0.1409350892},
{"learn":[1.304337115],"iteration":885,"passed_time":1.085794516,"remaining_time":0.139707195},
{"learn":[1.303788046],"iteration":886,"passed_time":1.087050857,"remaining_time":0.1384856221},
{"learn":[1.303714025],"iteration":887,"passed_time":1.08830474,"remaining_time":0.1372636609},
{"learn":[1.303604012],"iteration":888,"passed_time":1.089650543,"remaining_time":0.136053105},
{"learn":[1.30249688],"iteration":889,"passed_time":1.090821129,"remaining_time":0.134820589},
{"learn":[1.302231739],"iteration":890,"passed_time":1.091913307,"remaining_time":0.13357862},
{"learn":[1.302223742],"iteration":891,"passed_time":1.09299738,"remaining_time":0.1323360056},
{"learn":[1.301861773],"iteration":892,"passed_time":1.094155263,"remaining_time":0.1311025903},
{"learn":[1.300881544],"iteration":893,"passed_time":1.095345374,"remaining_time":0.1298731651},
{"learn":[1.300766837],"iteration":894,"passed_time":1.096471995,"remaining_time":0.1286363793},
{"learn":[1.300198077],"iteration":895,"passed_time":1.097588406,"remaining_time":0.1273986542},
{"learn":[1.300081467],"iteration":896,"passed_time":1.098773908,"remaining_time":0.1261691332},
{"learn":[1.300029505],"iteration":897,"passed_time":1.099843956,"remaining_time":0.1249265964},
{"learn":[1.299435056],"iteration":898,"passed_time":1.100983187,"remaining_time":0.1236922156},
{"learn":[1.299208704],"iteration":899,"passed_time":1.102170302,"remaining_time":0.1224633669},
{"learn":[1.298687426],"iteration":900,"passed_time":1.10339308,"remaining_time":0.1212385293},
{"learn":[1.298031683],"iteration":901,"passed_time":1.10461328,"remaining_time":0.1200134162},
{"learn":[1.297778707],"iteration":902,"passed_time":1.105779157,"remaining_time":0.1187824787},
{"learn":[1.297661693],"iteration":903,"passed_time":1.106810718,"remaining_time":0.1175374214},
{"learn":[1.297016177],"iteration":904,"passed_time":1.10796236,"remaining_time":0.1163054412},
{"learn":[1.296511408],"iteration":905,"passed_time":1.109092996,"remaining_time":0.1150714587},
{"learn":[1.295922896],"iteration":906,"passed_time":1.11019443,"remaining_time":0.11383471},
{"learn":[1.295568257],"iteration":907,"passed_time":1.111376406,"remaining_time":0.11260642},
{"learn":[1.295015374],"iteration":908,"passed_time":1.112530482,"remaining_time":0.1113754388},
{"learn":[1.294425679],"iteration":909,"passed_time":1.113692754,"remaining_time":0.1101454372},
{"learn":[1.293172449],"iteration":910,"passed_time":1.114796451,"remaining_time":0.1089098619},
{"learn":[1.292910759],"iteration":911,"passed_time":1.116225145,"remaining_time":0.1077059351},
{"learn":[1.292618013],"iteration":912,"passed_time":1.117384712,"remaining_time":0.1064758707},
{"learn":[1.292579516],"iteration":913,"passed_time":1.118388653,"remaining_time":0.1052313175},
{"learn":[1.291913622],"iteration":914,"passed_time":1.119487012,"remaining_time":0.1039960612},
{"learn":[1.291426273],"iteration":915,"passed_time":1.120631932,"remaining_time":0.1027653737},
{"learn":[1.2909769],"iteration":916,"passed_time":1.121884653,"remaining_time":0.1015446306},
{"learn":[1.290724016],"iteration":917,"passed_time":1.122907739,"remaining_time":0.1003033056},
{"learn":[1.290529817],"iteration":918,"passed_time":1.124071332,"remaining_time":0.09907483995},
{"learn":[1.290394916],"iteration":919,"passed_time":1.125119933,"remaining_time":0.0978365159},
{"learn":[1.290179665],"iteration":920,"passed_time":1.126195742,"remaining_time":0.09660093765},
{"learn":[1.289854272],"iteration":921,"passed_time":1.127260601,"remaining_time":0.09536477968},
{"learn":[1.289655429],"iteration":922,"passed_time":1.128354862,"remaining_time":0.09413144569},
{"learn":[1.28894323],"iteration":923,"passed_time":1.129576197,"remaining_time":0.09290886472},
{"learn":[1.288664101],"iteration":924,"passed_time":1.130743317,"remaining_time":0.09168189058},
{"learn":[1.288285811],"iteration":925,"passed_time":1.131892876,"remaining_time":0.09045364235},
{"learn":[1.288123908],"iteration":926,"passed_time":1.132976068,"remaining_time":0.08922033758},
{"learn":[1.287401427],"iteration":927,"passed_time":1.134172319,"remaining_time":0.08799612818},
{"learn":[1.287129444],"iteration":928,"passed_time":1.135265638,"remaining_time":0.08676411229},
{"learn":[1.286625903],"iteration":929,"passed_time":1.136349331,"remaining_time":0.08553167006},
{"learn":[1.286563064],"iteration":930,"passed_time":1.137394485,"remaining_time":0.08429669118},
{"learn":[1.286361869],"iteration":931,"passed_time":1.138549373,"remaining_time":0.08307012596},
{"learn":[1.286353507],"iteration":932,"passed_time":1.139660094,"remaining_time":0.08184054263},
{"learn":[1.285399627],"iteration":933,"passed_time":1.140793203,"remaining_time":0.08061279596},
{"learn":[1.285012372],"iteration":934,"passed_time":1.141939146,"remaining_time":0.07938614383},
{"learn":[1.284690935],"iteration":935,"passed_time":1.143066636,"remaining_time":0.07815840244},
{"learn":[1.284562482],"iteration":936,"passed_time":1.144304871,"remaining_time":0.0769383211},
{"learn":[1.284368885],"iteration":937,"passed_time":1.145383755,"remaining_time":0.07570766824},
{"learn":[1.283953198],"iteration":938,"passed_time":1.146518417,"remaining_time":0.07448096215},
{"learn":[1.283263754],"iteration":939,"passed_time":1.147639085,"remaining_time":0.07325355863},
{"learn":[1.282850914],"iteration":940,"passed_time":1.148760604,"remaining_time":0.07202643535},
{"learn":[1.28262298],"iteration":941,"passed_time":1.149855106,"remaining_time":0.07079787277},
{"learn":[1.28248437],"iteration":942,"passed_time":1.151106896,"remaining_time":0.06957910186},
{"learn":[1.282475382],"iteration":943,"passed_time":1.15223101,"remaining_time":0.06835268701},
{"learn":[1.282465674],"iteration":944,"passed_time":1.153213654,"remaining_time":0.06711825498},
{"learn":[1.28193944],"iteration":945,"passed_time":1.154268676,"remaining_time":0.06588848678},
{"learn":[1.281866563],"iteration":946,"passed_time":1.155299004,"remaining_time":0.06465770561},
{"learn":[1.281689602],"iteration":947,"passed_time":1.156409915,"remaining_time":0.06343176747},
{"learn":[1.281638408],"iteration":948,"passed_time":1.157571815,"remaining_time":0.06220881196},
{"learn":[1.281231284],"iteration":949,"passed_time":1.158721073,"remaining_time":0.06098531963},
{"learn":[1.281176386],"iteration":950,"passed_time":1.159843744,"remaining_time":0.05976061353},
{"learn":[1.281109844],"iteration":951,"passed_time":1.160911669,"remaining_time":0.05853336146},
{"learn":[1.280990633],"iteration":952,"passed_time":1.162184545,"remaining_time":0.05731655155},
{"learn":[1.280703583],"iteration":953,"passed_time":1.163505166,"remaining_time":0.05610192627},
{"learn":[1.279986608],"iteration":954,"passed_time":1.164711485,"remaining_time":0.05488169301},
{"learn":[1.279601115],"iteration":955,"passed_time":1.165912424,"remaining_time":0.05366124129},
{"learn":[1.27940011],"iteration":956,"passed_time":1.167051229,"remaining_time":0.05243803852},
{"learn":[1.279166505],"iteration":957,"passed_time":1.168217257,"remaining_time":0.05121620543},
{"learn":[1.278719047],"iteration":958,"passed_time":1.169406826,"remaining_time":0.04999549515},
{"learn":[1.277872723],"iteration":959,"passed_time":1.170656241,"remaining_time":0.04877734336},
{"learn":[1.277147453],"iteration":960,"passed_time":1.171973886,"remaining_time":0.04756189548},
{"learn":[1.276923115],"iteration":961,"passed_time":1.173149681,"remaining_time":0.0463406319},
{"learn":[1.276787311],"iteration":962,"passed_time":1.174206416,"remaining_time":0.04511488826},
{"learn":[1.276584448],"iteration":963,"passed_time":1.175405823,"remaining_time":0.04389482326},
{"learn":[1.276574059],"iteration":964,"passed_time":1.176378039,"remaining_time":0.04266656099},
{"learn":[1.276427327],"iteration":965,"passed_time":1.17739312,"remaining_time":0.04144033756},
{"learn":[1.27616909],"iteration":966,"passed_time":1.178404335,"remaining_time":0.04021441887},
{"learn":[1.275973544],"iteration":967,"passed_time":1.179466409,"remaining_time":0.03899062509},
{"learn":[1.275739101],"iteration":968,"passed_time":1.180584653,"remaining_time":0.03776896205},
{"learn":[1.275487073],"iteration":969,"passed_time":1.181627022,"remaining_time":0.03654516563},
{"learn":[1.275024705],"iteration":970,"passed_time":1.182700296,"remaining_time":0.0353226659},
{"learn":[1.274874324],"iteration":971,"passed_time":1.183857939,"remaining_time":0.0341029036},
{"learn":[1.274520499],"iteration":972,"passed_time":1.184899858,"remaining_time":0.03288005773},
{"learn":[1.274418732],"iteration":973,"passed_time":1.186746226,"remaining_time":0.03167905736},
{"learn":[1.2742419],"iteration":974,"passed_time":1.188171884,"remaining_time":0.03046594573},
{"learn":[1.274173448],"iteration":975,"passed_time":1.189336359,"remaining_time":0.02924597603},
{"learn":[1.273403905],"iteration":976,"passed_time":1.190505281,"remaining_time":0.02802622462},
{"learn":[1.273312287],"iteration":977,"passed_time":1.191597288,"remaining_time":0.02680484697},
{"learn":[1.273173436],"iteration":978,"passed_time":1.192728324,"remaining_time":0.02558457079},
{"learn":[1.273088905],"iteration":979,"passed_time":1.19378027,"remaining_time":0.02436286266},
{"learn":[1.272765063],"iteration":980,"passed_time":1.194860186,"remaining_time":0.02314204234},
{"learn":[1.27273059],"iteration":981,"passed_time":1.195879545,"remaining_time":0.021920399},
{"learn":[1.272549256],"iteration":982,"passed_time":1.197026339,"remaining_time":0.02070137107},
{"learn":[1.271917595],"iteration":983,"passed_time":1.198159369,"remaining_time":0.01948226616},
{"learn":[1.271554678],"iteration":984,"passed_time":1.199381666,"remaining_time":0.01826469543},
{"learn":[1.271141081],"iteration":985,"passed_time":1.200457255,"remaining_time":0.01704503201},
{"learn":[1.270710492],"iteration":986,"passed_time":1.201554992,"remaining_time":0.01582595227},
{"learn":[1.270247939],"iteration":987,"passed_time":1.202807622,"remaining_time":0.01460899946},
{"learn":[1.270073474],"iteration":988,"passed_time":1.203964655,"remaining_time":0.01339091122},
{"learn":[1.269173028],"iteration":989,"passed_time":1.20522584,"remaining_time":0.01217399838},
{"learn":[1.268303545],"iteration":990,"passed_time":1.206556319,"remaining_time":0.0109576255},
{"learn":[1.268225944],"iteration":991,"passed_time":1.20780369,"remaining_time":0.009740352337},
{"learn":[1.268038732],"iteration":992,"passed_time":1.209122877,"remaining_time":0.008523524816},
{"learn":[1.267784937],"iteration":993,"passed_time":1.210578256,"remaining_time":0.007307313416},
{"learn":[1.267780814],"iteration":994,"passed_time":1.211723728,"remaining_time":0.006089063962},
{"learn":[1.267528381],"iteration":995,"passed_time":1.213048485,"remaining_time":0.004871680664},
{"learn":[1.266945895],"iteration":996,"passed_time":1.214313339,"remaining_time":0.003653901721},
{"learn":[1.265639096],"iteration":997,"passed_time":1.215492991,"remaining_time":0.002435857696},
{"learn":[1.265361024],"iteration":998,"passed_time":1.216978667,"remaining_time":0.001218196864},
{"learn":[1.264745051],"iteration":999,"passed_time":1.218542602,"remaining_time":0}
]}