{
"meta":{"test_sets":[],"test_metrics":[],"learn_metrics":[{"best_value":"Min","name":"MultiClass"}],"launch_mode":"Train","parameters":"","iteration_count":1000,"learn_sets":["learn"],"name":"experiment"},
"iterations":[
{"learn":[1.727028028],"iteration":0,"passed_time":0.1439990258,"remaining_time":143.8550267},
{"learn":[1.667966894],"iteration":1,"passed_time":0.1484550929,"remaining_time":74.07909137},
{"learn":[1.600693756],"iteration":2,"passed_time":0.1524193812,"remaining_time":50.65404102},
{"learn":[1.537402139],"iteration":3,"passed_time":0.1567706685,"remaining_time":39.03589645},
{"learn":[1.481792806],"iteration":4,"passed_time":0.160968855,"remaining_time":32.03280215},
{"learn":[1.431931844],"iteration":5,"passed_time":0.1645766745,"remaining_time":27.26486907},
{"learn":[1.387883914],"iteration":6,"passed_time":0.1681984351,"remaining_time":23.86014944},
{"learn":[1.354173734],"iteration":7,"passed_time":0.1720857113,"remaining_time":21.33862821},
{"learn":[1.314268349],"iteration":8,"passed_time":0.1758070204,"remaining_time":19.35830636},
{"learn":[1.283032732],"iteration":9,"passed_time":0.1801258079,"remaining_time":17.83245499},
{"learn":[1.244767853],"iteration":10,"passed_time":0.1852198227,"remaining_time":16.65294588},
{"learn":[1.218135866],"iteration":11,"passed_time":0.189846137,"remaining_time":15.63066528},
{"learn":[1.186211135],"iteration":12,"passed_time":0.1947818735,"remaining_time":14.78843916},
{"learn":[1.157808113],"iteration":13,"passed_time":0.200232884,"remaining_time":14.10211597},
{"learn":[1.132734211],"iteration":14,"passed_time":0.2045469602,"remaining_time":13.43191705},
{"learn":[1.103625469],"iteration":15,"passed_time":0.2091950009,"remaining_time":12.86549255},
{"learn":[1.085901144],"iteration":16,"passed_time":0.2138829605,"remaining_time":12.36746766},
{"learn":[1.065234954],"iteration":17,"passed_time":0.218459086,"remaining_time":11.9181568},
{"learn":[1.046749594],"iteration":18,"passed_time":0.2240100582,"remaining_time":11.56599301},
{"learn":[1.025474964],"iteration":19,"passed_time":0.2277738805,"remaining_time":11.16092014},
{"learn":[1.003423469],"iteration":20,"passed_time":0.2316579301,"remaining_time":10.79967207},
{"learn":[0.9871409141],"iteration":21,"passed_time":0.2366899483,"remaining_time":10.52194406},
{"learn":[0.9735481834],"iteration":22,"passed_time":0.241849538,"remaining_time":10.27334777},
{"learn":[0.9583550621],"iteration":23,"passed_time":0.2455755165,"remaining_time":9.986737669},
{"learn":[0.936834756],"iteration":24,"passed_time":0.2516852413,"remaining_time":9.815724412},
{"learn":[0.9218418982],"iteration":25,"passed_time":0.2565562643,"remaining_time":9.610992362},
{"learn":[0.9042230987],"iteration":26,"passed_time":0.2615679677,"remaining_time":9.426134541},
{"learn":[0.887666137],"iteration":27,"passed_time":0.2678130771,"remaining_time":9.296939677},
{"learn":[0.8736348471],"iteration":28,"passed_time":0.272921665,"remaining_time":9.138170231},
{"learn":[0.8568350915],"iteration":29,"passed_time":0.2768588001,"remaining_time":8.95176787},
{"learn":[0.8407568975],"iteration":30,"passed_time":0.2809637861,"remaining_time":8.782384151},
{"learn":[0.8288272353],"iteration":31,"passed_time":0.2849040681,"remaining_time":8.61834806},
{"learn":[0.8180589998],"iteration":32,"passed_time":0.2892528422,"remaining_time":8.4759848},
{"learn":[0.808806566],"iteration":33,"passed_time":0.2933800853,"remaining_time":8.335445952},
{"learn":[0.797219736],"iteration":34,"passed_time":0.2979254826,"remaining_time":8.214231164},
{"learn":[0.7875953916],"iteration":35,"passed_time":0.30264398,"remaining_time":8.104133242},
{"learn":[0.7750006102],"iteration":36,"passed_time":0.3069325901,"remaining_time":7.988542817},
{"learn":[0.764666816],"iteration":37,"passed_time":0.3107223409,"remaining_time":7.866181367},
{"learn":[0.7532116546],"iteration":38,"passed_time":0.3144428196,"remaining_time":7.748193579},
{"learn":[0.7430559784],"iteration":39,"passed_time":0.3211560108,"remaining_time":7.70774426},
{"learn":[0.7322234027],"iteration":40,"passed_time":0.3259127639,"remaining_time":7.623179039},
{"learn":[0.722839935],"iteration":41,"passed_time":0.3307587217,"remaining_time":7.544448937},
{"learn":[0.7125235393],"iteration":42,"passed_time":0.3349550766,"remaining_time":7.454697867},
{"learn":[0.7026201312],"iteration":43,"passed_time":0.3387557238,"remaining_time":7.360237998},
{"learn":[0.6935627066],"iteration":44,"passed_time":0.3428051964,"remaining_time":7.275088058},
{"learn":[0.6854696655],"iteration":45,"passed_time":0.3470423417,"remaining_time":7.197356391},
{"learn":[0.6785177629],"iteration":46,"passed_time":0.3536150744,"remaining_time":7.170109913},
{"learn":[0.6718109041],"iteration":47,"passed_time":0.3729875943,"remaining_time":7.397587286},
{"learn":[0.6645593066],"iteration":48,"passed_time":0.3804383126,"remaining_time":7.383608884},
{"learn":[0.6566187525],"iteration":49,"passed_time":0.3895146903,"remaining_time":7.400779116},
{"learn":[0.6468262223],"iteration":50,"passed_time":0.4006719361,"remaining_time":7.455640537},
{"learn":[0.6390308566],"iteration":51,"passed_time":0.4076541812,"remaining_time":7.431849304},
{"learn":[0.6329593587],"iteration":52,"passed_time":0.4189823131,"remaining_time":7.48634435},
{"learn":[0.6273153483],"iteration":53,"passed_time":0.4252502142,"remaining_time":7.449753752},
{"learn":[0.6188356586],"iteration":54,"passed_time":0.4368344604,"remaining_time":7.505610274},
{"learn":[0.6111508729],"iteration":55,"passed_time":0.4456388158,"remaining_time":7.512197181},
{"learn":[0.6040968851],"iteration":56,"passed_time":0.4545464884,"remaining_time":7.519953309},
{"learn":[0.5974265734],"iteration":57,"passed_time":0.4647055557,"remaining_time":7.547459197},
{"learn":[0.5938076127],"iteration":58,"passed_time":0.4781978764,"remaining_time":7.626850876},
{"learn":[0.5881284267],"iteration":59,"passed_time":0.4849513479,"remaining_time":7.597571117},
{"learn":[0.5798863079],"iteration":60,"passed_time":0.4909352932,"remaining_time":7.557184268},
{"learn":[0.5749201819],"iteration":61,"passed_time":0.5047697078,"remaining_time":7.636677192},
{"learn":[0.5692421428],"iteration":62,"passed_time":0.5161379972,"remaining_time":7.676528625},
{"learn":[0.5619374532],"iteration":63,"passed_time":0.5235316183,"remaining_time":7.656649918},
{"learn":[0.5571623462],"iteration":64,"passed_time":0.5288229799,"remaining_time":7.606915172},
{"learn":[0.5506078657],"iteration":65,"passed_time":0.5326637331,"remaining_time":7.53799889},
{"learn":[0.5463172669],"iteration":66,"passed_time":0.5365529331,"remaining_time":7.4716998},
{"learn":[0.5409802803],"iteration":67,"passed_time":0.5410397098,"remaining_time":7.415426611},
{"learn":[0.5355248867],"iteration":68,"passed_time":0.5451923503,"remaining_time":7.35614606},
{"learn":[0.5309960007],"iteration":69,"passed_time":0.5489731514,"remaining_time":7.29350044},
{"learn":[0.5263837824],"iteration":70,"passed_time":0.552222742,"remaining_time":7.225562356},
{"learn":[0.5209493398],"iteration":71,"passed_time":0.5562047064,"remaining_time":7.16886066},
{"learn":[0.51542224],"iteration":72,"passed_time":0.5596834023,"remaining_time":7.107212519},
{"learn":[0.5104486387],"iteration":73,"passed_time":0.5697067094,"remaining_time":7.129032607},
{"learn":[0.5050451975],"iteration":74,"passed_time":0.5769468122,"remaining_time":7.115677351},
{"learn":[0.5002722925],"iteration":75,"passed_time":0.5842414443,"remaining_time":7.10314598},
{"learn":[0.4928029829],"iteration":76,"passed_time":0.5898467424,"remaining_time":7.070500561},
{"learn":[0.4888027259],"iteration":77,"passed_time":0.5963817458,"remaining_time":7.049538072},
{"learn":[0.4851442181],"iteration":78,"passed_time":0.6022426109,"remaining_time":7.021081577},
{"learn":[0.4800776212],"iteration":79,"passed_time":0.6079451781,"remaining_time":6.991369548},
{"learn":[0.4747857333],"iteration":80,"passed_time":0.6130731782,"remaining_time":6.955731491},
{"learn":[0.469669247],"iteration":81,"passed_time":0.618025551,"remaining_time":6.918871412},
{"learn":[0.4638311104],"iteration":82,"passed_time":0.6230117587,"remaining_time":6.883154009},
{"learn":[0.4593860279],"iteration":83,"passed_time":0.6286011933,"remaining_time":6.854746346},
{"learn":[0.4551320013],"iteration":84,"passed_time":0.6343313723,"remaining_time":6.828390655},
{"learn":[0.4498950762],"iteration":85,"passed_time":0.6396115874,"remaining_time":6.797732452},
{"learn":[0.4457374374],"iteration":86,"passed_time":0.6472113833,"remaining_time":6.791999919},
{"learn":[0.4396414107],"iteration":87,"passed_time":0.6538681016,"remaining_time":6.776451235},
{"learn":[0.4359423937],"iteration":88,"passed_time":0.6588532866,"remaining_time":6.74399263},
{"learn":[0.4323603639],"iteration":89,"passed_time":0.663387117,"remaining_time":6.70758085},
{"learn":[0.4271058501],"iteration":90,"passed_time":0.6682957724,"remaining_time":6.675613815},
{"learn":[0.4219668857],"iteration":91,"passed_time":0.6724181371,"remaining_time":6.636474658},
{"learn":[0.4174067293],"iteration":92,"passed_time":0.6767214888,"remaining_time":6.599853659},
{"learn":[0.4146389098],"iteration":93,"passed_time":0.6811861081,"remaining_time":6.565474616},
{"learn":[0.408983633],"iteration":94,"passed_time":0.6865877685,"remaining_time":6.540651899},
{"learn":[0.4051590062],"iteration":95,"passed_time":0.6906892662,"remaining_time":6.50399059},
{"learn":[0.40077717],"iteration":96,"passed_time":0.6950038244,"remaining_time":6.469984056},
{"learn":[0.3959499031],"iteration":97,"passed_time":0.6990989296,"remaining_time":6.434563617},
{"learn":[0.3931805864],"iteration":98,"passed_time":0.7027959255,"remaining_time":6.396152817},
{"learn":[0.3885199153],"iteration":99,"passed_time":0.7069487054,"remaining_time":6.362538348},
{"learn":[0.3822328701],"iteration":100,"passed_time":0.711843422,"remaining_time":6.336111251},
{"learn":[0.3764651385],"iteration":101,"passed_time":0.7175320017,"remaining_time":6.317095466},
{"learn":[0.3724587033],"iteration":102,"passed_time":0.7212680241,"remaining_time":6.281334152},
{"learn":[0.3690985781],"iteration":103,"passed_time":0.725202417,"remaining_time":6.247897747},
{"learn":[0.3664573259],"iteration":104,"passed_time":0.7293926131,"remaining_time":6.217203702},
{"learn":[0.3632828395],"iteration":105,"passed_time":0.7333803798,"remaining_time":6.185302448},
{"learn":[0.3598609188],"iteration":106,"passed_time":0.7378164243,"remaining_time":6.157664176},
{"learn":[0.3564604291],"iteration":107,"passed_time":0.742182916,"remaining_time":6.129881121},
{"learn":[0.352752148],"iteration":108,"passed_time":0.7463133155,"remaining_time":6.100597836},
{"learn":[0.3497390042],"iteration":109,"passed_time":0.7499156758,"remaining_time":6.067499559},
{"learn":[0.3482395463],"iteration":110,"passed_time":0.7534211287,"remaining_time":6.034156608},
{"learn":[0.3453087248],"iteration":111,"passed_time":0.7577514517,"remaining_time":6.00788651},
{"learn":[0.343311125],"iteration":112,"passed_time":0.7617726936,"remaining_time":5.979578577},
{"learn":[0.339213886],"iteration":113,"passed_time":0.7662237301,"remaining_time":5.955037061},
{"learn":[0.3351546129],"iteration":114,"passed_time":0.7717018833,"remaining_time":5.938749276},
{"learn":[0.3324173837],"iteration":115,"passed_time":0.776683069,"remaining_time":5.91886063},
{"learn":[0.3292322641],"iteration":116,"passed_time":0.7804748439,"remaining_time":5.890250317},
{"learn":[0.3259100357],"iteration":117,"passed_time":0.7844906032,"remaining_time":5.863734848},
{"learn":[0.3250325275],"iteration":118,"passed_time":0.789339873,"remaining_time":5.843768303},
{"learn":[0.3221081339],"iteration":119,"passed_time":0.7953544515,"remaining_time":5.832599311},
{"learn":[0.3192065954],"iteration":120,"passed_time":0.8000724182,"remaining_time":5.812096327},
{"learn":[0.3164729789],"iteration":121,"passed_time":0.8046873979,"remaining_time":5.791110946},
{"learn":[0.3142589783],"iteration":122,"passed_time":0.808276887,"remaining_time":5.763079918},
{"learn":[0.3100712261],"iteration":123,"passed_time":0.8117049208,"remaining_time":5.734302505},
{"learn":[0.3067592418],"iteration":124,"passed_time":0.8167766541,"remaining_time":5.717436579},
{"learn":[0.3048684614],"iteration":125,"passed_time":0.8216222243,"remaining_time":5.69918908},
{"learn":[0.3022664355],"iteration":126,"passed_time":0.8274216631,"remaining_time":5.687709542},
{"learn":[0.2992313194],"iteration":127,"passed_time":0.8315519047,"remaining_time":5.664947351},
{"learn":[0.2968916656],"iteration":128,"passed_time":0.8367514463,"remaining_time":5.649693874},
{"learn":[0.2947439778],"iteration":129,"passed_time":0.8404722805,"remaining_time":5.624699108},
{"learn":[0.2923036784],"iteration":130,"passed_time":0.8452288966,"remaining_time":5.606900085},
{"learn":[0.2898171874],"iteration":131,"passed_time":0.8512813152,"remaining_time":5.597819558},
{"learn":[0.2879414558],"iteration":132,"passed_time":0.8565911341,"remaining_time":5.583943709},
{"learn":[0.286175149],"iteration":133,"passed_time":0.8613855889,"remaining_time":5.566865074},
{"learn":[0.2832543109],"iteration":134,"passed_time":0.8653840515,"remaining_time":5.544868182},
{"learn":[0.2815340526],"iteration":135,"passed_time":0.8691863495,"remaining_time":5.52188975},
{"learn":[0.2798673912],"iteration":136,"passed_time":0.8731680619,"remaining_time":5.500321441},
{"learn":[0.277764598],"iteration":137,"passed_time":0.8774828401,"remaining_time":5.481088465},
{"learn":[0.276468856],"iteration":138,"passed_time":0.8827476012,"remaining_time":5.467954566},
{"learn":[0.2740134612],"iteration":139,"passed_time":0.8878369113,"remaining_time":5.453855313},
{"learn":[0.2712103192],"iteration":140,"passed_time":0.8919544802,"remaining_time":5.433963819},
{"learn":[0.2675542627],"iteration":141,"passed_time":0.8970865489,"remaining_time":5.420424359},
{"learn":[0.2649354131],"iteration":142,"passed_time":0.9012974172,"remaining_time":5.401481724},
{"learn":[0.2635144649],"iteration":143,"passed_time":0.9059714852,"remaining_time":5.385497162},
{"learn":[0.2604856415],"iteration":144,"passed_time":0.9109894238,"remaining_time":5.371696258},
{"learn":[0.2589791647],"iteration":145,"passed_time":0.9151262695,"remaining_time":5.352861878},
{"learn":[0.2579149749],"iteration":146,"passed_time":0.9193670084,"remaining_time":5.334830328},
{"learn":[0.25611418],"iteration":147,"passed_time":0.9241224214,"remaining_time":5.319947993},
{"learn":[0.253482754],"iteration":148,"passed_time":0.9280710237,"remaining_time":5.300593565},
{"learn":[0.2513458254],"iteration":149,"passed_time":0.933358374,"remaining_time":5.289030786},
{"learn":[0.2499111133],"iteration":150,"passed_time":0.9383660686,"remaining_time":5.275978757},
{"learn":[0.2485253199],"iteration":151,"passed_time":0.9422883028,"remaining_time":5.256976847},
{"learn":[0.2463317122],"iteration":152,"passed_time":0.9468021998,"remaining_time":5.241447472},
{"learn":[0.2449647475],"iteration":153,"passed_time":0.9518018763,"remaining_time":5.228729788},
{"learn":[0.243190464],"iteration":154,"passed_time":0.9579208396,"remaining_time":5.222213609},
{"learn":[0.2418687405],"iteration":155,"passed_time":0.965429153,"remaining_time":5.223219264},
{"learn":[0.239575453],"iteration":156,"passed_time":0.9704199017,"remaining_time":5.21059858},
{"learn":[0.2379181287],"iteration":157,"passed_time":0.9750883874,"remaining_time":5.196357102},
{"learn":[0.2354397555],"iteration":158,"passed_time":0.9792794029,"remaining_time":5.179710552},
{"learn":[0.2340881332],"iteration":159,"passed_time":0.9833417654,"remaining_time":5.162544268},
{"learn":[0.2327837573],"iteration":160,"passed_time":0.9885874434,"remaining_time":5.151707236},
{"learn":[0.2313804275],"iteration":161,"passed_time":0.9963468029,"remaining_time":5.153942104},
{"learn":[0.2291308552],"iteration":162,"passed_time":1.00149724,"remaining_time":5.142657605},
{"learn":[0.2280264835],"iteration":163,"passed_time":1.006192187,"remaining_time":5.129126029},
{"learn":[0.2264516286],"iteration":164,"passed_time":1.009855439,"remaining_time":5.110480555},
{"learn":[0.2249734009],"iteration":165,"passed_time":1.014030499,"remaining_time":5.094586967},
{"learn":[0.2238561234],"iteration":166,"passed_time":1.019365133,"remaining_time":5.084617699},
{"learn":[0.222134435],"iteration":167,"passed_time":1.024207525,"remaining_time":5.072265837},
{"learn":[0.2207386972],"iteration":168,"passed_time":1.029303052,"remaining_time":5.061247554},
{"learn":[0.2196562988],"iteration":169,"passed_time":1.035222697,"remaining_time":5.054322578},
{"learn":[0.2188863583],"iteration":170,"passed_time":1.039811899,"remaining_time":5.04095944},
{"learn":[0.2177959226],"iteration":171,"passed_time":1.046086877,"remaining_time":5.035813569},
{"learn":[0.2166770456],"iteration":172,"passed_time":1.051187502,"remaining_time":5.025040832},
{"learn":[0.2148696503],"iteration":173,"passed_time":1.055633336,"remaining_time":5.011224916},
{"learn":[0.2129910341],"iteration":174,"passed_time":1.060945227,"remaining_time":5.001598929},
{"learn":[0.212318513],"iteration":175,"passed_time":1.066098673,"remaining_time":4.991280152},
{"learn":[0.2113564538],"iteration":176,"passed_time":1.070034041,"remaining_time":4.975356019},
{"learn":[0.2098957019],"iteration":177,"passed_time":1.075610177,"remaining_time":4.967143628},
{"learn":[0.208956836],"iteration":178,"passed_time":1.080310004,"remaining_time":4.954941413},
{"learn":[0.2074266289],"iteration":179,"passed_time":1.084518356,"remaining_time":4.940583621},
{"learn":[0.2062308919],"iteration":180,"passed_time":1.08927161,"remaining_time":4.928803582},
{"learn":[0.2052078159],"iteration":181,"passed_time":1.093425614,"remaining_time":4.914407431},
{"learn":[0.2041239369],"iteration":182,"passed_time":1.098580213,"remaining_time":4.904590348},
{"learn":[0.2029416804],"iteration":183,"passed_time":1.102541202,"remaining_time":4.889530546},
{"learn":[0.2013632705],"iteration":184,"passed_time":1.107727359,"remaining_time":4.879988097},
{"learn":[0.2001769942],"iteration":185,"passed_time":1.111563942,"remaining_time":4.864586282},
{"learn":[0.1987244315],"iteration":186,"passed_time":1.116456765,"remaining_time":4.853900267},
{"learn":[0.1972457991],"iteration":187,"passed_time":1.120783247,"remaining_time":4.840829769},
{"learn":[0.1959700216],"iteration":188,"passed_time":1.124508097,"remaining_time":4.825270193},
{"learn":[0.194793214],"iteration":189,"passed_time":1.128332262,"remaining_time":4.810258589},
{"learn":[0.1939669202],"iteration":190,"passed_time":1.132068196,"remaining_time":4.794990421},
{"learn":[0.1933963268],"iteration":191,"passed_time":1.13703574,"remaining_time":4.785025408},
{"learn":[0.1925476843],"iteration":192,"passed_time":1.141277874,"remaining_time":4.772078987},
{"learn":[0.1912295514],"iteration":193,"passed_time":1.145572959,"remaining_time":4.759442292},
{"learn":[0.1902685605],"iteration":194,"passed_time":1.151833765,"remaining_time":4.755006054},
{"learn":[0.1891790299],"iteration":195,"passed_time":1.158541746,"remaining_time":4.752385529},
{"learn":[0.1880757651],"iteration":196,"passed_time":1.162890754,"remaining_time":4.740107996},
{"learn":[0.1869592972],"iteration":197,"passed_time":1.169697929,"remaining_time":4.737867368},
{"learn":[0.1854929376],"iteration":198,"passed_time":1.173894815,"remaining_time":4.725074104},
{"learn":[0.1846875808],"iteration":199,"passed_time":1.178461368,"remaining_time":4.713845471},
{"learn":[0.1837364867],"iteration":200,"passed_time":1.183114582,"remaining_time":4.703027618},
{"learn":[0.1825336219],"iteration":201,"passed_time":1.187055536,"remaining_time":4.68945702},
{"learn":[0.1813117396],"iteration":202,"passed_time":1.190979222,"remaining_time":4.675913498},
{"learn":[0.1800615242],"iteration":203,"passed_time":1.19533926,"remaining_time":4.664166915},
{"learn":[0.1794798757],"iteration":204,"passed_time":1.201278958,"remaining_time":4.658618396},
{"learn":[0.1791499088],"iteration":205,"passed_time":1.203807574,"remaining_time":4.639918514},
{"learn":[0.1782736433],"iteration":206,"passed_time":1.209081841,"remaining_time":4.631893238},
{"learn":[0.1778606835],"iteration":207,"passed_time":1.214917067,"remaining_time":4.626030371},
{"learn":[0.1767793624],"iteration":208,"passed_time":1.219761973,"remaining_time":4.616419716},
{"learn":[0.1758983861],"iteration":209,"passed_time":1.227848398,"remaining_time":4.619048737},
{"learn":[0.1751615752],"iteration":210,"passed_time":1.233277747,"remaining_time":4.611640487},
{"learn":[0.1740363227],"iteration":211,"passed_time":1.238158192,"remaining_time":4.602210639},
{"learn":[0.1725885589],"iteration":212,"passed_time":1.243490199,"remaining_time":4.594491956},
{"learn":[0.1719907588],"iteration":213,"passed_time":1.247628318,"remaining_time":4.582410551},
{"learn":[0.1707765743],"iteration":214,"passed_time":1.251239567,"remaining_time":4.568479349},
{"learn":[0.1699215184],"iteration":215,"passed_time":1.255162161,"remaining_time":4.555773769},
{"learn":[0.168826063],"iteration":216,"passed_time":1.259356161,"remaining_time":4.544128452},
{"learn":[0.16800343],"iteration":217,"passed_time":1.262816137,"remaining_time":4.529918435},
{"learn":[0.1671054473],"iteration":218,"passed_time":1.266138488,"remaining_time":4.515315793},
{"learn":[0.1661820319],"iteration":219,"passed_time":1.269974461,"remaining_time":4.502636724},
{"learn":[0.1647580147],"iteration":220,"passed_time":1.273803325,"remaining_time":4.490012626},
{"learn":[0.1640342328],"iteration":221,"passed_time":1.278664899,"remaining_time":4.4810869},
{"learn":[0.1632909838],"iteration":222,"passed_time":1.282627309,"remaining_time":4.46906466},
{"learn":[0.1623541958],"iteration":223,"passed_time":1.286329647,"remaining_time":4.45621342},
{"learn":[0.1615333975],"iteration":224,"passed_time":1.291493248,"remaining_time":4.448476741},
{"learn":[0.1608424276],"iteration":225,"passed_time":1.295458145,"remaining_time":4.43665754},
{"learn":[0.1600419807],"iteration":226,"passed_time":1.300203882,"remaining_time":4.427566524},
{"learn":[0.1596356046],"iteration":227,"passed_time":1.304626055,"remaining_time":4.417418046},
{"learn":[0.158815707],"iteration":228,"passed_time":1.309152148,"remaining_time":4.407669459},
{"learn":[0.157692892],"iteration":229,"passed_time":1.313452475,"remaining_time":4.397210461},
{"learn":[0.1570198081],"iteration":230,"passed_time":1.317632547,"remaining_time":4.386404452},
{"learn":[0.1562554048],"iteration":231,"passed_time":1.321120983,"remaining_time":4.373366013},
{"learn":[0.1554358336],"iteration":232,"passed_time":1.324983804,"remaining_time":4.361641964},
{"learn":[0.1545818533],"iteration":233,"passed_time":1.329368016,"remaining_time":4.35169188},
{"learn":[0.1538277589],"iteration":234,"passed_time":1.334395063,"remaining_time":4.343881801},
{"learn":[0.1528363218],"iteration":235,"passed_time":1.338794648,"remaining_time":4.334064029},
{"learn":[0.151931089],"iteration":236,"passed_time":1.342653351,"remaining_time":4.322550661},
{"learn":[0.1508132674],"iteration":237,"passed_time":1.347696232,"remaining_time":4.31489298},
{"learn":[0.1502586184],"iteration":238,"passed_time":1.351577766,"remaining_time":4.30355933},
{"learn":[0.1495963298],"iteration":239,"passed_time":1.355277623,"remaining_time":4.291712473},
{"learn":[0.1489451933],"iteration":240,"passed_time":1.359946136,"remaining_time":4.282983889},
{"learn":[0.1482118035],"iteration":241,"passed_time":1.364013819,"remaining_time":4.272406921},
{"learn":[0.1473553716],"iteration":242,"passed_time":1.367631711,"remaining_time":4.260482326},
{"learn":[0.1466846136],"iteration":243,"passed_time":1.380380243,"remaining_time":4.276915834},
{"learn":[0.1460131029],"iteration":244,"passed_time":1.389749606,"remaining_time":4.282697767},
{"learn":[0.1452173841],"iteration":245,"passed_time":1.39659474,"remaining_time":4.280619651},
{"learn":[0.1441612412],"iteration":246,"passed_time":1.408638118,"remaining_time":4.294350214},
{"learn":[0.1436764274],"iteration":247,"passed_time":1.420577501,"remaining_time":4.307557585},
{"learn":[0.1430559356],"iteration":248,"passed_time":1.428556052,"remaining_time":4.308616849},
{"learn":[0.1423700864],"iteration":249,"passed_time":1.437997121,"remaining_time":4.313991364},
{"learn":[0.141753888],"iteration":250,"passed_time":1.444190839,"remaining_time":4.309557525},
{"learn":[0.1412300159],"iteration":251,"passed_time":1.454122804,"remaining_time":4.316205783},
{"learn":[0.1404361788],"iteration":252,"passed_time":1.460896797,"remaining_time":4.313398842},
{"learn":[0.1400808892],"iteration":253,"passed_time":1.470442123,"remaining_time":4.318700095},
{"learn":[0.139430344],"iteration":254,"passed_time":1.478596343,"remaining_time":4.31982069},
{"learn":[0.1387685048],"iteration":255,"passed_time":1.48841541,"remaining_time":4.325707285},
{"learn":[0.1382398899],"iteration":256,"passed_time":1.495252556,"remaining_time":4.322850774},
{"learn":[0.1375611338],"iteration":257,"passed_time":1.503490488,"remaining_time":4.323992025},
{"learn":[0.1368511109],"iteration":258,"passed_time":1.511985145,"remaining_time":4.325795338},
{"learn":[0.1360032979],"iteration":259,"passed_time":1.520779755,"remaining_time":4.32837315},
{"learn":[0.1354672743],"iteration":260,"passed_time":1.53038285,"remaining_time":4.333152975},
{"learn":[0.134887325],"iteration":261,"passed_time":1.535148993,"remaining_time":4.324198308},
{"learn":[0.1341385559],"iteration":262,"passed_time":1.539041495,"remaining_time":4.312827307},
{"learn":[0.133702152],"iteration":263,"passed_time":1.544124792,"remaining_time":4.304832752},
{"learn":[0.1332078858],"iteration":264,"passed_time":1.547659039,"remaining_time":4.292563748},
{"learn":[0.1323892789],"iteration":265,"passed_time":1.55157141,"remaining_time":4.281403817},
{"learn":[0.1318793555],"iteration":266,"passed_time":1.555638266,"remaining_time":4.27072228},
{"learn":[0.1314574394],"iteration":267,"passed_time":1.560519256,"remaining_time":4.26231379},
{"learn":[0.131098758],"iteration":268,"passed_time":1.564205289,"remaining_time":4.25068426},
{"learn":[0.130488062],"iteration":269,"passed_time":1.568170547,"remaining_time":4.239868517},
{"learn":[0.1299719347],"iteration":270,"passed_time":1.573407948,"remaining_time":4.232525439},
{"learn":[0.1292218168],"iteration":271,"passed_time":1.578447733,"remaining_time":4.224668933},
{"learn":[0.1287200348],"iteration":272,"passed_time":1.58258462,"remaining_time":4.214428639},
{"learn":[0.1282751936],"iteration":273,"passed_time":1.587815891,"remaining_time":4.207132616},
{"learn":[0.1277280834],"iteration":274,"passed_time":1.596541914,"remaining_time":4.209065047},
{"learn":[0.1271088521],"iteration":275,"passed_time":1.602727034,"remaining_time":4.204254973},
{"learn":[0.1266372067],"iteration":276,"passed_time":1.613122753,"remaining_time":4.210425091},
{"learn":[0.126253995],"iteration":277,"passed_time":1.625500181,"remaining_time":4.221622773},
{"learn":[0.1260393202],"iteration":278,"passed_time":1.632257326,"remaining_time":4.218127356},
{"learn":[0.1255714978],"iteration":279,"passed_time":1.639148702,"remaining_time":4.214953805},
{"learn":[0.1249707054],"iteration":280,"passed_time":1.643788405,"remaining_time":4.205992397},
{"learn":[0.1244871751],"iteration":281,"passed_time":1.649150551,"remaining_time":4.19890105},
{"learn":[0.1237601183],"iteration":282,"passed_time":1.654394165,"remaining_time":4.191521614},
{"learn":[0.1230397524],"iteration":283,"passed_time":1.66000644,"remaining_time":4.18508666},
{"learn":[0.1222888038],"iteration":284,"passed_time":1.665216351,"remaining_time":4.177648037},
{"learn":[0.1218308566],"iteration":285,"passed_time":1.670369847,"remaining_time":4.170084165},
{"learn":[0.1211784052],"iteration":286,"passed_time":1.675171899,"remaining_time":4.161663986},
{"learn":[0.1206399673],"iteration":287,"passed_time":1.680916538,"remaining_time":4.15559922},
{"learn":[0.1202911927],"iteration":288,"passed_time":1.686190039,"remaining_time":4.14837757},
{"learn":[0.1198335838],"iteration":289,"passed_time":1.690434722,"remaining_time":4.138650526},
{"learn":[0.1192919645],"iteration":290,"passed_time":1.695190771,"remaining_time":4.130207068},
{"learn":[0.1188596526],"iteration":291,"passed_time":1.698933119,"remaining_time":4.119330987},
{"learn":[0.118477202],"iteration":292,"passed_time":1.702107986,"remaining_time":4.107134288},
{"learn":[0.1176834486],"iteration":293,"passed_time":1.707367595,"remaining_time":4.100005176},
{"learn":[0.1171223643],"iteration":294,"passed_time":1.712363257,"remaining_time":4.092257953},
{"learn":[0.1165564499],"iteration":295,"passed_time":1.71722733,"remaining_time":4.084216353},
{"learn":[0.1158633442],"iteration":296,"passed_time":1.722489825,"remaining_time":4.077139216},
{"learn":[0.1153609362],"iteration":297,"passed_time":1.728640851,"remaining_time":4.072167373},
{"learn":[0.1149596566],"iteration":298,"passed_time":1.732863213,"remaining_time":4.062665929},
{"learn":[0.1146340819],"iteration":299,"passed_time":1.738176803,"remaining_time":4.055745874},
{"learn":[0.1140584411],"iteration":300,"passed_time":1.743330058,"remaining_time":4.048464156},
{"learn":[0.1136138864],"iteration":301,"passed_time":1.749125198,"remaining_time":4.042680093},
{"learn":[0.1130730689],"iteration":302,"passed_time":1.754083913,"remaining_time":4.034971906},
{"learn":[0.1127228328],"iteration":303,"passed_time":1.757785219,"remaining_time":4.024403002},
{"learn":[0.112494019],"iteration":304,"passed_time":1.762142522,"remaining_time":4.015373944},
{"learn":[0.1120586829],"iteration":305,"passed_time":1.766717042,"remaining_time":4.006868062},
{"learn":[0.1116091191],"iteration":306,"passed_time":1.772063102,"remaining_time":4.000129413},
{"learn":[0.111152713],"iteration":307,"passed_time":1.776796793,"remaining_time":3.992023963},
{"learn":[0.1105822327],"iteration":308,"passed_time":1.781400839,"remaining_time":3.983650421},
{"learn":[0.1101439745],"iteration":309,"passed_time":1.785793918,"remaining_time":3.974831625},
{"learn":[0.1098128151],"iteration":310,"passed_time":1.790024362,"remaining_time":3.965680981},
{"learn":[0.1093738996],"iteration":311,"passed_time":1.79561926,"remaining_time":3.959570676},
{"learn":[0.1090886343],"iteration":312,"passed_time":1.803678509,"remaining_time":3.958872639},
{"learn":[0.1085943597],"iteration":313,"passed_time":1.813619775,"remaining_time":3.962239381},
{"learn":[0.108171587],"iteration":314,"passed_time":1.818642026,"remaining_time":3.954824724},
{"learn":[0.1077731901],"iteration":315,"passed_time":1.823807524,"remaining_time":3.947735274},
{"learn":[0.107234431],"iteration":316,"passed_time":1.839408599,"remaining_time":3.963142187},
{"learn":[0.1070818998],"iteration":317,"passed_time":1.84482648,"remaining_time":3.956514653},
{"learn":[0.1068510464],"iteration":318,"passed_time":1.850365857,"remaining_time":3.950154071},
{"learn":[0.1063632111],"iteration":319,"passed_time":1.855305944,"remaining_time":3.942525132},
{"learn":[0.1056800066],"iteration":320,"passed_time":1.861723837,"remaining_time":3.938038894},
{"learn":[0.1052564314],"iteration":321,"passed_time":1.86779816,"remaining_time":3.932817243},
{"learn":[0.1048075025],"iteration":322,"passed_time":1.87423778,"remaining_time":3.928355967},
{"learn":[0.1045932534],"iteration":323,"passed_time":1.878816179,"remaining_time":3.919999187},
{"learn":[0.1041991941],"iteration":324,"passed_time":1.883666186,"remaining_time":3.912229771},
{"learn":[0.1038208577],"iteration":325,"passed_time":1.887480599,"remaining_time":3.90233719},
{"learn":[0.1034329638],"iteration":326,"passed_time":1.89274514,"remaining_time":3.895466296},
{"learn":[0.1031713168],"iteration":327,"passed_time":1.899850915,"remaining_time":3.892377485},
{"learn":[0.1027243661],"iteration":328,"passed_time":1.904296503,"remaining_time":3.883838765},
{"learn":[0.1021994661],"iteration":329,"passed_time":1.908275321,"remaining_time":3.874377167},
{"learn":[0.1017384334],"iteration":330,"passed_time":1.912647114,"remaining_time":3.865742959},
{"learn":[0.1012415494],"iteration":331,"passed_time":1.916655481,"remaining_time":3.856403198},
{"learn":[0.1010968825],"iteration":332,"passed_time":1.921647381,"remaining_time":3.849065475},
{"learn":[0.1007840335],"iteration":333,"passed_time":1.926255584,"remaining_time":3.840976703},
{"learn":[0.1002720846],"iteration":334,"passed_time":1.930676195,"remaining_time":3.832536328},
{"learn":[0.09985348477],"iteration":335,"passed_time":1.934584147,"remaining_time":3.823106767},
{"learn":[0.09951393807],"iteration":336,"passed_time":1.953823945,"remaining_time":3.843873222},
{"learn":[0.09922219356],"iteration":337,"passed_time":1.957505719,"remaining_time":3.833931319},
{"learn":[0.09889522857],"iteration":338,"passed_time":1.961130045,"remaining_time":3.823914336},
{"learn":[0.09837176366],"iteration":339,"passed_time":1.965438403,"remaining_time":3.815262783},
{"learn":[0.09801105819],"iteration":340,"passed_time":1.970399201,"remaining_time":3.807897576},
{"learn":[0.09766432362],"iteration":341,"passed_time":1.974271123,"remaining_time":3.798451458},
{"learn":[0.09726665316],"iteration":342,"passed_time":1.978425291,"remaining_time":3.789578473},
{"learn":[0.09691949419],"iteration":343,"passed_time":1.983171635,"remaining_time":3.781862188},
{"learn":[0.09655759433],"iteration":344,"passed_time":1.98697184,"remaining_time":3.772366826},
{"learn":[0.09636063436],"iteration":345,"passed_time":1.990664156,"remaining_time":3.762700456},
{"learn":[0.09596211924],"iteration":346,"passed_time":1.995223733,"remaining_time":3.754700569},
{"learn":[0.09567104744],"iteration":347,"passed_time":2.000781069,"remaining_time":3.748589819},
{"learn":[0.09527288405],"iteration":348,"passed_time":2.007542897,"remaining_time":3.744729014},
{"learn":[0.09484874464],"iteration":349,"passed_time":2.014485441,"remaining_time":3.741187247},
{"learn":[0.09470022585],"iteration":350,"passed_time":2.019578936,"remaining_time":3.734207206},
{"learn":[0.09435112502],"iteration":351,"passed_time":2.023486153,"remaining_time":3.725054055},
{"learn":[0.09404685502],"iteration":352,"passed_time":2.027909196,"remaining_time":3.716876062},
{"learn":[0.09370541677],"iteration":353,"passed_time":2.033565165,"remaining_time":3.710969199},
{"learn":[0.09333656226],"iteration":354,"passed_time":2.037479117,"remaining_time":3.701898678},
{"learn":[0.09296966496],"iteration":355,"passed_time":2.04273483,"remaining_time":3.695284356},
{"learn":[0.09265831293],"iteration":356,"passed_time":2.047248957,"remaining_time":3.687341959},
{"learn":[0.09230691155],"iteration":357,"passed_time":2.05268694,"remaining_time":3.681075463},
{"learn":[0.09189691106],"iteration":358,"passed_time":2.057214758,"remaining_time":3.673188467},
{"learn":[0.09156111527],"iteration":359,"passed_time":2.061752697,"remaining_time":3.665338127},
{"learn":[0.09131960331],"iteration":360,"passed_time":2.066640713,"remaining_time":3.658125805},
{"learn":[0.09094830146],"iteration":361,"passed_time":2.071521006,"remaining_time":3.650912712},
{"learn":[0.09064071977],"iteration":362,"passed_time":2.076316023,"remaining_time":3.643562828},
{"learn":[0.09029407938],"iteration":363,"passed_time":2.081051165,"remaining_time":3.636122366},
{"learn":[0.09001464316],"iteration":364,"passed_time":2.085580086,"remaining_time":3.628337958},
{"learn":[0.08971866625],"iteration":365,"passed_time":2.090377828,"remaining_time":3.621037003},
{"learn":[0.08939336242],"iteration":366,"passed_time":2.101834754,"remaining_time":3.625235421},
{"learn":[0.0890913468],"iteration":367,"passed_time":2.106089889,"remaining_time":3.616980462},
{"learn":[0.08868435118],"iteration":368,"passed_time":2.109970812,"remaining_time":3.608107269},
{"learn":[0.08848029865],"iteration":369,"passed_time":2.115091155,"remaining_time":3.601371426},
{"learn":[0.08808631755],"iteration":370,"passed_time":2.119888935,"remaining_time":3.594097413},
{"learn":[0.08768050046],"iteration":371,"passed_time":2.124145717,"remaining_time":3.585923415},
{"learn":[0.08737952818],"iteration":372,"passed_time":2.129292466,"remaining_time":3.579266425},
{"learn":[0.08713897553],"iteration":373,"passed_time":2.13382754,"remaining_time":3.571593689},
{"learn":[0.08690312674],"iteration":374,"passed_time":2.137434228,"remaining_time":3.562390381},
{"learn":[0.08660849086],"iteration":375,"passed_time":2.140797379,"remaining_time":3.552812671},
{"learn":[0.08630906023],"iteration":376,"passed_time":2.145859221,"remaining_time":3.546075053},
{"learn":[0.08610676559],"iteration":377,"passed_time":2.150253445,"remaining_time":3.538247732},
{"learn":[0.08585961502],"iteration":378,"passed_time":2.154389068,"remaining_time":3.530014805},
{"learn":[0.08562279863],"iteration":379,"passed_time":2.158934294,"remaining_time":3.522471743},
{"learn":[0.08530785698],"iteration":380,"passed_time":2.163013553,"remaining_time":3.514187373},
{"learn":[0.0849832295],"iteration":381,"passed_time":2.166863905,"remaining_time":3.505554695},
{"learn":[0.0846421358],"iteration":382,"passed_time":2.170418558,"remaining_time":3.496470627},
{"learn":[0.08435680894],"iteration":383,"passed_time":2.175856983,"remaining_time":3.490437244},
{"learn":[0.08404727453],"iteration":384,"passed_time":2.180110947,"remaining_time":3.482514889},
{"learn":[0.08371167366],"iteration":385,"passed_time":2.184669481,"remaining_time":3.475096014},
{"learn":[0.08338928485],"iteration":386,"passed_time":2.189126303,"remaining_time":3.46753081},
{"learn":[0.08313103222],"iteration":387,"passed_time":2.194656166,"remaining_time":3.461674159},
{"learn":[0.08282870359],"iteration":388,"passed_time":2.199288714,"remaining_time":3.454409779},
{"learn":[0.08264880683],"iteration":389,"passed_time":2.202973716,"remaining_time":3.445676837},
{"learn":[0.08237529175],"iteration":390,"passed_time":2.209348147,"remaining_time":3.441158622},
{"learn":[0.08211267313],"iteration":391,"passed_time":2.21665787,"remaining_time":3.438081595},
{"learn":[0.08180308512],"iteration":392,"passed_time":2.225106236,"remaining_time":3.436741693},
{"learn":[0.08138418577],"iteration":393,"passed_time":2.229849899,"remaining_time":3.429667611},
{"learn":[0.08106885056],"iteration":394,"passed_time":2.23466145,"remaining_time":3.42270931},
{"learn":[0.08091681049],"iteration":395,"passed_time":2.24076016,"remaining_time":3.417725092},
{"learn":[0.08051537513],"iteration":396,"passed_time":2.249179211,"remaining_time":3.416259608},
{"learn":[0.08030385034],"iteration":397,"passed_time":2.25500197,"remaining_time":3.410832126},
{"learn":[0.0800185346],"iteration":398,"passed_time":2.260175833,"remaining_time":3.404425252},
{"learn":[0.07987303062],"iteration":399,"passed_time":2.265587736,"remaining_time":3.398381604},
{"learn":[0.07948335923],"iteration":400,"passed_time":2.270412429,"remaining_time":3.391463953},
{"learn":[0.07919208802],"iteration":401,"passed_time":2.275236249,"remaining_time":3.384555416},
{"learn":[0.07886171925],"iteration":402,"passed_time":2.281649741,"remaining_time":3.380012148},
{"learn":[0.0786350283],"iteration":403,"passed_time":2.286603636,"remaining_time":3.373306355},
{"learn":[0.07833815244],"iteration":404,"passed_time":2.291889315,"remaining_time":3.367096648},
{"learn":[0.0781160604],"iteration":405,"passed_time":2.296544282,"remaining_time":3.359968728},
{"learn":[0.07788548501],"iteration":406,"passed_time":2.301697307,"remaining_time":3.353578631},
{"learn":[0.07763014204],"iteration":407,"passed_time":2.306982292,"remaining_time":3.347386071},
{"learn":[0.07740998485],"iteration":408,"passed_time":2.312959774,"remaining_time":3.342198598},
{"learn":[0.07713854887],"iteration":409,"passed_time":2.320987633,"remaining_time":3.339957814},
{"learn":[0.07689191257],"iteration":410,"passed_time":2.326876079,"remaining_time":3.334622897},
{"learn":[0.07678654471],"iteration":411,"passed_time":2.331339013,"remaining_time":3.327250824},
{"learn":[0.07648814709],"iteration":412,"passed_time":2.336707202,"remaining_time":3.321179486},
{"learn":[0.07627824313],"iteration":413,"passed_time":2.341026749,"remaining_time":3.313627234},
{"learn":[0.07616828795],"iteration":414,"passed_time":2.348074679,"remaining_time":3.309936595},
{"learn":[0.07583515938],"iteration":415,"passed_time":2.353053951,"remaining_time":3.303325738},
{"learn":[0.0757023693],"iteration":416,"passed_time":2.358374515,"remaining_time":3.297199861},
{"learn":[0.07549801602],"iteration":417,"passed_time":2.362943264,"remaining_time":3.290031052},
{"learn":[0.07531703136],"iteration":418,"passed_time":2.367632735,"remaining_time":3.283042051},
{"learn":[0.07508215176],"iteration":419,"passed_time":2.372914897,"remaining_time":3.276882477},
{"learn":[0.07491551107],"iteration":420,"passed_time":2.379514103,"remaining_time":3.272538398},
{"learn":[0.07473726736],"iteration":421,"passed_time":2.385200138,"remaining_time":3.26693289},
{"learn":[0.07453818904],"iteration":422,"passed_time":2.390582609,"remaining_time":3.26091292},
{"learn":[0.07416850549],"iteration":423,"passed_time":2.394410944,"remaining_time":3.252784679},
{"learn":[0.07387830272],"iteration":424,"passed_time":2.399217055,"remaining_time":3.245999545},
{"learn":[0.07369235619],"iteration":425,"passed_time":2.404741939,"remaining_time":3.24019219},
{"learn":[0.07339928093],"iteration":426,"passed_time":2.412566299,"remaining_time":3.237471872},
{"learn":[0.07321031485],"iteration":427,"passed_time":2.418790465,"remaining_time":3.232589126},
{"learn":[0.07301110552],"iteration":428,"passed_time":2.422618651,"remaining_time":3.224511071},
{"learn":[0.07274638154],"iteration":429,"passed_time":2.427530073,"remaining_time":3.217888701},
{"learn":[0.07253057755],"iteration":430,"passed_time":2.433345947,"remaining_time":3.212468315},
{"learn":[0.07244854158],"iteration":431,"passed_time":2.440454893,"remaining_time":3.208746248},
{"learn":[0.07228812518],"iteration":432,"passed_time":2.442581548,"remaining_time":3.198484383},
{"learn":[0.07217081711],"iteration":433,"passed_time":2.447732558,"remaining_time":3.192204212},
{"learn":[0.0719760073],"iteration":434,"passed_time":2.459373401,"remaining_time":3.194358555},
{"learn":[0.07178028287],"iteration":435,"passed_time":2.466632557,"remaining_time":3.190781564},
{"learn":[0.07148593486],"iteration":436,"passed_time":2.481021643,"remaining_time":3.196373421},
{"learn":[0.07140822171],"iteration":437,"passed_time":2.488607438,"remaining_time":3.193144704},
{"learn":[0.07125903535],"iteration":438,"passed_time":2.501304792,"remaining_time":3.19642822},
{"learn":[0.071044165],"iteration":439,"passed_time":2.509625783,"remaining_time":3.194069179},
{"learn":[0.07081933407],"iteration":440,"passed_time":2.516381179,"remaining_time":3.189698592},
{"learn":[0.07064787673],"iteration":441,"passed_time":2.522457138,"remaining_time":3.184459463},
{"learn":[0.07037600672],"iteration":442,"passed_time":2.529956859,"remaining_time":3.181006706},
{"learn":[0.07008651717],"iteration":443,"passed_time":2.540898628,"remaining_time":3.181846029},
{"learn":[0.06996325672],"iteration":444,"passed_time":2.548697605,"remaining_time":3.178712743},
{"learn":[0.06984384914],"iteration":445,"passed_time":2.558553682,"remaining_time":3.178113766},
{"learn":[0.06969595258],"iteration":446,"passed_time":2.56662129,"remaining_time":3.175260791},
{"learn":[0.06937205501],"iteration":447,"passed_time":2.57292919,"remaining_time":3.170216323},
{"learn":[0.06922370156],"iteration":448,"passed_time":2.57939589,"remaining_time":3.165361103},
{"learn":[0.06910908191],"iteration":449,"passed_time":2.585205792,"remaining_time":3.159695968},
{"learn":[0.0689622945],"iteration":450,"passed_time":2.595626815,"remaining_time":3.159643284},
{"learn":[0.06877183564],"iteration":451,"passed_time":2.604390486,"remaining_time":3.157535368},
{"learn":[0.06852352216],"iteration":452,"passed_time":2.60838568,"remaining_time":3.149640103},
{"learn":[0.06827544108],"iteration":453,"passed_time":2.612342268,"remaining_time":3.14171559},
{"learn":[0.06806210506],"iteration":454,"passed_time":2.615890326,"remaining_time":3.133319182},
{"learn":[0.06788800924],"iteration":455,"passed_time":2.620175027,"remaining_time":3.12582284},
{"learn":[0.0676676662],"iteration":456,"passed_time":2.624032572,"remaining_time":3.117833013},
{"learn":[0.06747958118],"iteration":457,"passed_time":2.627471074,"remaining_time":3.109365332},
{"learn":[0.06735210638],"iteration":458,"passed_time":2.630962869,"remaining_time":3.100982379},
{"learn":[0.06720503085],"iteration":459,"passed_time":2.634844502,"remaining_time":3.093078328},
{"learn":[0.06700492538],"iteration":460,"passed_time":2.639146512,"remaining_time":3.085683232},
{"learn":[0.06665029809],"iteration":461,"passed_time":2.642975659,"remaining_time":3.077750875},
{"learn":[0.06652688998],"iteration":462,"passed_time":2.646376021,"remaining_time":3.069338928},
{"learn":[0.066349439],"iteration":463,"passed_time":2.651009441,"remaining_time":3.062372975},
{"learn":[0.06617622382],"iteration":464,"passed_time":2.655186517,"remaining_time":3.054892014},
{"learn":[0.06604252494],"iteration":465,"passed_time":2.66085635,"remaining_time":3.049135818},
{"learn":[0.06583502709],"iteration":466,"passed_time":2.66724129,"remaining_time":3.044196161},
{"learn":[0.0656518232],"iteration":467,"passed_time":2.67123462,"remaining_time":3.036531662},
{"learn":[0.06549781313],"iteration":468,"passed_time":2.675462183,"remaining_time":3.029148016},
{"learn":[0.06538062507],"iteration":469,"passed_time":2.681213276,"remaining_time":3.023495822},
{"learn":[0.06520952684],"iteration":470,"passed_time":2.686894842,"remaining_time":3.017765119},
{"learn":[0.06487192451],"iteration":471,"passed_time":2.69335035,"remaining_time":3.012900392},
{"learn":[0.06470786911],"iteration":472,"passed_time":2.70004421,"remaining_time":3.0082945},
{"learn":[0.06463570244],"iteration":473,"passed_time":2.705582953,"remaining_time":3.00239796},
{"learn":[0.06445051963],"iteration":474,"passed_time":2.710099647,"remaining_time":2.995373295},
{"learn":[0.06436201064],"iteration":475,"passed_time":2.714396795,"remaining_time":2.988117481},
{"learn":[0.06422885462],"iteration":476,"passed_time":2.71838284,"remaining_time":2.980532967},
{"learn":[0.0641070834],"iteration":477,"passed_time":2.722175718,"remaining_time":2.972752563},
{"learn":[0.06384268422],"iteration":478,"passed_time":2.72625769,"remaining_time":2.96530325},
{"learn":[0.06373729117],"iteration":479,"passed_time":2.730450869,"remaining_time":2.957988441},
{"learn":[0.06350648465],"iteration":480,"passed_time":2.735002948,"remaining_time":2.951073867},
{"learn":[0.06337330233],"iteration":481,"passed_time":2.739338413,"remaining_time":2.943936302},
{"learn":[0.06320182356],"iteration":482,"passed_time":2.744866855,"remaining_time":2.938087296},
{"learn":[0.06304111743],"iteration":483,"passed_time":2.748798246,"remaining_time":2.930536973},
{"learn":[0.06290751725],"iteration":484,"passed_time":2.753130841,"remaining_time":2.923427594},
{"learn":[0.06271278374],"iteration":485,"passed_time":2.757648227,"remaining_time":2.91652508},
{"learn":[0.06253418011],"iteration":486,"passed_time":2.763497747,"remaining_time":2.911035614},
{"learn":[0.06237619948],"iteration":487,"passed_time":2.767950854,"remaining_time":2.904079584},
{"learn":[0.06212614053],"iteration":488,"passed_time":2.773003391,"remaining_time":2.89776019},
{"learn":[0.06200419502],"iteration":489,"passed_time":2.777375938,"remaining_time":2.890738221},
{"learn":[0.06181490766],"iteration":490,"passed_time":2.781018444,"remaining_time":2.88297024},
{"learn":[0.06171527962],"iteration":491,"passed_time":2.786201164,"remaining_time":2.876809332},
{"learn":[0.0615131661],"iteration":492,"passed_time":2.791002173,"remaining_time":2.870259842},
{"learn":[0.0614011615],"iteration":493,"passed_time":2.795714385,"remaining_time":2.863626476},
{"learn":[0.06122984007],"iteration":494,"passed_time":2.799661193,"remaining_time":2.856220005},
{"learn":[0.06100663352],"iteration":495,"passed_time":2.803854444,"remaining_time":2.849077903},
{"learn":[0.06088601422],"iteration":496,"passed_time":2.807575153,"remaining_time":2.84146942},
{"learn":[0.06082294967],"iteration":497,"passed_time":2.811244128,"remaining_time":2.833824402},
{"learn":[0.06066567569],"iteration":498,"passed_time":2.81595645,"remaining_time":2.827242849},
{"learn":[0.06060536273],"iteration":499,"passed_time":2.820329612,"remaining_time":2.820329612},
{"learn":[0.06043057321],"iteration":500,"passed_time":2.826616876,"remaining_time":2.815332977},
{"learn":[0.06028947998],"iteration":501,"passed_time":2.832478633,"remaining_time":2.809909082},
{"learn":[0.06016560993],"iteration":502,"passed_time":2.836658203,"remaining_time":2.802821326},
{"learn":[0.060039119],"iteration":503,"passed_time":2.840545569,"remaining_time":2.795457545},
{"learn":[0.05987416087],"iteration":504,"passed_time":2.845471262,"remaining_time":2.789125297},
{"learn":[0.0597535031],"iteration":505,"passed_time":2.85006761,"remaining_time":2.782477074},
{"learn":[0.05961348464],"iteration":506,"passed_time":2.855786612,"remaining_time":2.776928599},
{"learn":[0.05947607364],"iteration":507,"passed_time":2.860259308,"remaining_time":2.770172401},
{"learn":[0.05933503595],"iteration":508,"passed_time":2.864305273,"remaining_time":2.763013535},
{"learn":[0.05919983021],"iteration":509,"passed_time":2.86801171,"remaining_time":2.755540662},
{"learn":[0.0590841892],"iteration":510,"passed_time":2.87212295,"remaining_time":2.748469907},
{"learn":[0.05895210338],"iteration":511,"passed_time":2.876385911,"remaining_time":2.741555322},
{"learn":[0.05879278178],"iteration":512,"passed_time":2.880489657,"remaining_time":2.734499927},
{"learn":[0.05871541665],"iteration":513,"passed_time":2.885532498,"remaining_time":2.728343957},
{"learn":[0.05858032235],"iteration":514,"passed_time":2.889606664,"remaining_time":2.721280062},
{"learn":[0.05842061152],"iteration":515,"passed_time":2.893997229,"remaining_time":2.714524533},
{"learn":[0.05825120237],"iteration":516,"passed_time":2.897871843,"remaining_time":2.707296132},
{"learn":[0.05811447383],"iteration":517,"passed_time":2.902575884,"remaining_time":2.700852463},
{"learn":[0.0580268247],"iteration":518,"passed_time":2.906906221,"remaining_time":2.694069156},
{"learn":[0.05780777687],"iteration":519,"passed_time":2.911120513,"remaining_time":2.687188165},
{"learn":[0.05770223626],"iteration":520,"passed_time":2.915962953,"remaining_time":2.680894922},
{"learn":[0.05749264721],"iteration":521,"passed_time":2.920457186,"remaining_time":2.674288381},
{"learn":[0.05739773383],"iteration":522,"passed_time":2.924538419,"remaining_time":2.667313243},
{"learn":[0.05723576264],"iteration":523,"passed_time":2.928171876,"remaining_time":2.659942391},
{"learn":[0.05712072886],"iteration":524,"passed_time":2.932352298,"remaining_time":2.653080651},
{"learn":[0.05698219242],"iteration":525,"passed_time":2.936922809,"remaining_time":2.64658063},
{"learn":[0.05682363141],"iteration":526,"passed_time":2.940401673,"remaining_time":2.639108143},
{"learn":[0.05677402059],"iteration":527,"passed_time":2.944378436,"remaining_time":2.632095875},
{"learn":[0.0566263578],"iteration":528,"passed_time":2.948050228,"remaining_time":2.624823549},
{"learn":[0.0564717195],"iteration":529,"passed_time":2.953075701,"remaining_time":2.618765244},
{"learn":[0.05631552293],"iteration":530,"passed_time":2.957018541,"remaining_time":2.611754606},
{"learn":[0.05617890539],"iteration":531,"passed_time":2.961480667,"remaining_time":2.605212316},
{"learn":[0.05602734329],"iteration":532,"passed_time":2.967524836,"remaining_time":2.600063975},
{"learn":[0.05600918977],"iteration":533,"passed_time":2.971110169,"remaining_time":2.592766552},
{"learn":[0.05585791462],"iteration":534,"passed_time":2.975021738,"remaining_time":2.585766557},
{"learn":[0.05572466964],"iteration":535,"passed_time":2.978790974,"remaining_time":2.578654873},
{"learn":[0.05561441064],"iteration":536,"passed_time":2.98488016,"remaining_time":2.573555892},
{"learn":[0.05546404891],"iteration":537,"passed_time":2.989085867,"remaining_time":2.566835819},
{"learn":[0.05521838015],"iteration":538,"passed_time":2.994491027,"remaining_time":2.561150952},
{"learn":[0.05510777549],"iteration":539,"passed_time":2.99903874,"remaining_time":2.554736705},
{"learn":[0.05498334787],"iteration":540,"passed_time":3.004337486,"remaining_time":2.548966555},
{"learn":[0.0549034371],"iteration":541,"passed_time":3.010911973,"remaining_time":2.544276169},
{"learn":[0.05482240539],"iteration":542,"passed_time":3.017656054,"remaining_time":2.539721577},
{"learn":[0.05472176257],"iteration":543,"passed_time":3.025097231,"remaining_time":2.535743267},
{"learn":[0.05459027446],"iteration":544,"passed_time":3.030190545,"remaining_time":2.529792106},
{"learn":[0.05445491477],"iteration":545,"passed_time":3.035269401,"remaining_time":2.523832066},
{"learn":[0.05434374415],"iteration":546,"passed_time":3.039600087,"remaining_time":2.517255648},
{"learn":[0.0542051413],"iteration":547,"passed_time":3.044808374,"remaining_time":2.511411286},
{"learn":[0.05404435266],"iteration":548,"passed_time":3.049169857,"remaining_time":2.504873598},
{"learn":[0.0539660072],"iteration":549,"passed_time":3.05405085,"remaining_time":2.498768877},
{"learn":[0.05380221115],"iteration":550,"passed_time":3.059366205,"remaining_time":2.493022552},
{"learn":[0.05369169911],"iteration":551,"passed_time":3.062979717,"remaining_time":2.485896582},
{"learn":[0.05357930018],"iteration":552,"passed_time":3.06736053,"remaining_time":2.479403539},
{"learn":[0.05344642175],"iteration":553,"passed_time":3.072851899,"remaining_time":2.473812179},
{"learn":[0.05336657637],"iteration":554,"passed_time":3.077701276,"remaining_time":2.467706429},
{"learn":[0.05321104552],"iteration":555,"passed_time":3.082962589,"remaining_time":2.461934154},
{"learn":[0.05306959545],"iteration":556,"passed_time":3.087391739,"remaining_time":2.455501868},
{"learn":[0.05299234595],"iteration":557,"passed_time":3.091837255,"remaining_time":2.449089725},
{"learn":[0.05285093941],"iteration":558,"passed_time":3.09599667,"remaining_time":2.442458912},
{"learn":[0.05269086842],"iteration":559,"passed_time":3.09977241,"remaining_time":2.435535465},
{"learn":[0.05258934762],"iteration":560,"passed_time":3.105813573,"remaining_time":2.430396004},
{"learn":[0.05246771488],"iteration":561,"passed_time":3.112571979,"remaining_time":2.425812326},
{"learn":[0.05231948765],"iteration":562,"passed_time":3.11692925,"remaining_time":2.419357162},
{"learn":[0.05222485139],"iteration":563,"passed_time":3.121735289,"remaining_time":2.413256358},
{"learn":[0.05210503157],"iteration":564,"passed_time":3.128031896,"remaining_time":2.408307743},
{"learn":[0.05200715348],"iteration":565,"passed_time":3.132946443,"remaining_time":2.402294622},
{"learn":[0.05190581524],"iteration":566,"passed_time":3.139672697,"remaining_time":2.39766892},
{"learn":[0.05169881854],"iteration":567,"passed_time":3.147260876,"remaining_time":2.39369137},
{"learn":[0.0516026643],"iteration":568,"passed_time":3.152086861,"remaining_time":2.387608853},
{"learn":[0.05146991874],"iteration":569,"passed_time":3.157912503,"remaining_time":2.382284871},
{"learn":[0.05132834897],"iteration":570,"passed_time":3.16344948,"remaining_time":2.376742253},
{"learn":[0.05120151045],"iteration":571,"passed_time":3.168799984,"remaining_time":2.371060128},
{"learn":[0.05107793034],"iteration":572,"passed_time":3.173726044,"remaining_time":2.365062863},
{"learn":[0.05094056218],"iteration":573,"passed_time":3.17866636,"remaining_time":2.359079912},
{"learn":[0.0507853464],"iteration":574,"passed_time":3.183614051,"remaining_time":2.353106038},
{"learn":[0.05070232383],"iteration":575,"passed_time":3.188886288,"remaining_time":2.347374629},
{"learn":[0.05058926608],"iteration":576,"passed_time":3.194876167,"remaining_time":2.342170916},
{"learn":[0.05045580655],"iteration":577,"passed_time":3.200566046,"remaining_time":2.336745452},
{"learn":[0.05035715777],"iteration":578,"passed_time":3.207398851,"remaining_time":2.332150115},
{"learn":[0.05026287588],"iteration":579,"passed_time":3.212527833,"remaining_time":2.326313259},
{"learn":[0.05014564887],"iteration":580,"passed_time":3.216991009,"remaining_time":2.319998679},
{"learn":[0.05003619628],"iteration":581,"passed_time":3.22190677,"remaining_time":2.314015515},
{"learn":[0.04989782437],"iteration":582,"passed_time":3.228057974,"remaining_time":2.308919683},
{"learn":[0.04979440775],"iteration":583,"passed_time":3.235108399,"remaining_time":2.304460778},
{"learn":[0.04968986937],"iteration":584,"passed_time":3.24138896,"remaining_time":2.299446869},
{"learn":[0.0495121016],"iteration":585,"passed_time":3.247932888,"remaining_time":2.294614703},
{"learn":[0.04943786012],"iteration":586,"passed_time":3.255137894,"remaining_time":2.290241823},
{"learn":[0.04931040198],"iteration":587,"passed_time":3.25942454,"remaining_time":2.283814474},
{"learn":[0.04916271975],"iteration":588,"passed_time":3.264429167,"remaining_time":2.277895395},
{"learn":[0.04902638211],"iteration":589,"passed_time":3.272306937,"remaining_time":2.273976007},
{"learn":[0.04894417129],"iteration":590,"passed_time":3.278242434,"remaining_time":2.268699079},
{"learn":[0.04875856835],"iteration":591,"passed_time":3.282970816,"remaining_time":2.262587994},
{"learn":[0.048681518],"iteration":592,"passed_time":3.287241606,"remaining_time":2.25616751},
{"learn":[0.04857380628],"iteration":593,"passed_time":3.291501493,"remaining_time":2.249746811},
{"learn":[0.04847093326],"iteration":594,"passed_time":3.295722017,"remaining_time":2.243306583},
{"learn":[0.04832592725],"iteration":595,"passed_time":3.300769401,"remaining_time":2.237434292},
{"learn":[0.04820613968],"iteration":596,"passed_time":3.306123838,"remaining_time":2.231772038},
{"learn":[0.04813175349],"iteration":597,"passed_time":3.310603221,"remaining_time":2.225522567},
{"learn":[0.04800970897],"iteration":598,"passed_time":3.315227313,"remaining_time":2.219375881},
{"learn":[0.04790434676],"iteration":599,"passed_time":3.319658327,"remaining_time":2.213105551},
{"learn":[0.0478668821],"iteration":600,"passed_time":3.324766721,"remaining_time":2.207291051},
{"learn":[0.04773475417],"iteration":601,"passed_time":3.329674271,"remaining_time":2.201346113},
{"learn":[0.04763250312],"iteration":602,"passed_time":3.335797299,"remaining_time":2.196204855},
{"learn":[0.04750992562],"iteration":603,"passed_time":3.339947967,"remaining_time":2.18976721},
{"learn":[0.0474063507],"iteration":604,"passed_time":3.344015809,"remaining_time":2.183283049},
{"learn":[0.04733822617],"iteration":605,"passed_time":3.348135759,"remaining_time":2.176840741},
{"learn":[0.04722359796],"iteration":606,"passed_time":3.351946246,"remaining_time":2.170205724},
{"learn":[0.047129812],"iteration":607,"passed_time":3.357189177,"remaining_time":2.164503548},
{"learn":[0.04704454891],"iteration":608,"passed_time":3.361003914,"remaining_time":2.157885929},
{"learn":[0.04699374744],"iteration":609,"passed_time":3.365574796,"remaining_time":2.151760935},
{"learn":[0.0468631375],"iteration":610,"passed_time":3.369377213,"remaining_time":2.145151777},
{"learn":[0.04677764784],"iteration":611,"passed_time":3.374463093,"remaining_time":2.13936549},
{"learn":[0.04671040256],"iteration":612,"passed_time":3.379715634,"remaining_time":2.133686705},
{"learn":[0.04658999267],"iteration":613,"passed_time":3.386089482,"remaining_time":2.128714234},
{"learn":[0.04650759534],"iteration":614,"passed_time":3.391747049,"remaining_time":2.123288803},
{"learn":[0.04640415207],"iteration":615,"passed_time":3.396480388,"remaining_time":2.117286476},
{"learn":[0.04634116472],"iteration":616,"passed_time":3.40233075,"remaining_time":2.111981649},
{"learn":[0.04628143022],"iteration":617,"passed_time":3.407089985,"remaining_time":2.106000606},
{"learn":[0.04619615426],"iteration":618,"passed_time":3.411584261,"remaining_time":2.099860426},
{"learn":[0.04611061949],"iteration":619,"passed_time":3.41589956,"remaining_time":2.093615859},
{"learn":[0.04595679849],"iteration":620,"passed_time":3.422292136,"remaining_time":2.088645281},
{"learn":[0.04585123399],"iteration":621,"passed_time":3.428552931,"remaining_time":2.083590045},
{"learn":[0.04575190056],"iteration":622,"passed_time":3.433599674,"remaining_time":2.077796271},
{"learn":[0.04564550103],"iteration":623,"passed_time":3.438016912,"remaining_time":2.071625575},
{"learn":[0.04557175669],"iteration":624,"passed_time":3.443099237,"remaining_time":2.065859542},
{"learn":[0.04545031659],"iteration":625,"passed_time":3.447949402,"remaining_time":2.059956991},
{"learn":[0.04537069245],"iteration":626,"passed_time":3.45245517,"remaining_time":2.053852916},
{"learn":[0.04525873178],"iteration":627,"passed_time":3.459039319,"remaining_time":2.048985074},
{"learn":[0.04517972255],"iteration":628,"passed_time":3.465439604,"remaining_time":2.044003328},
{"learn":[0.04510315105],"iteration":629,"passed_time":3.470127773,"remaining_time":2.03801155},
{"learn":[0.04500827532],"iteration":630,"passed_time":3.474538522,"remaining_time":2.031861671},
{"learn":[0.04494499192],"iteration":631,"passed_time":3.478756116,"remaining_time":2.025604827},
{"learn":[0.04488758599],"iteration":632,"passed_time":3.483088302,"remaining_time":2.019420864},
{"learn":[0.04480024592],"iteration":633,"passed_time":3.488760641,"remaining_time":2.014016395},
{"learn":[0.04470883457],"iteration":634,"passed_time":3.502740525,"remaining_time":2.013386286},
{"learn":[0.0446703073],"iteration":635,"passed_time":3.510986054,"remaining_time":2.00943227},
{"learn":[0.04462985131],"iteration":636,"passed_time":3.519357683,"remaining_time":2.005536639},
{"learn":[0.04452249804],"iteration":637,"passed_time":3.530470755,"remaining_time":2.003182466},
{"learn":[0.04441719337],"iteration":638,"passed_time":3.537085324,"remaining_time":1.998259471},
{"learn":[0.04432292899],"iteration":639,"passed_time":3.547001006,"remaining_time":1.995188066},
{"learn":[0.04425674746],"iteration":640,"passed_time":3.553214899,"remaining_time":1.990022073},
{"learn":[0.04422384182],"iteration":641,"passed_time":3.562926507,"remaining_time":1.986803255},
{"learn":[0.04412029461],"iteration":642,"passed_time":3.568884143,"remaining_time":1.981479999},
{"learn":[0.04404079719],"iteration":643,"passed_time":3.575250031,"remaining_time":1.976380452},
{"learn":[0.04400378857],"iteration":644,"passed_time":3.585116513,"remaining_time":1.973203662},
{"learn":[0.04389179714],"iteration":645,"passed_time":3.592608372,"remaining_time":1.968704897},
{"learn":[0.04382364458],"iteration":646,"passed_time":3.600051453,"remaining_time":1.964170267},
{"learn":[0.04369221035],"iteration":647,"passed_time":3.611553824,"remaining_time":1.961831707},
{"learn":[0.04362360555],"iteration":648,"passed_time":3.619383879,"remaining_time":1.9574788},
{"learn":[0.04355168238],"iteration":649,"passed_time":3.625607563,"remaining_time":1.952250226},
{"learn":[0.04346696309],"iteration":650,"passed_time":3.631371889,"remaining_time":1.946772334},
{"learn":[0.04338462888],"iteration":651,"passed_time":3.641127941,"remaining_time":1.943424116},
{"learn":[0.04330944814],"iteration":652,"passed_time":3.650494933,"remaining_time":1.939849528},
{"learn":[0.04322469406],"iteration":653,"passed_time":3.657698326,"remaining_time":1.93511257},
{"learn":[0.0431572198],"iteration":654,"passed_time":3.66265579,"remaining_time":1.929185111},
{"learn":[0.04311431949],"iteration":655,"passed_time":3.666549318,"remaining_time":1.922702691},
{"learn":[0.04305280707],"iteration":656,"passed_time":3.670951209,"remaining_time":1.916493554},
{"learn":[0.04297960909],"iteration":657,"passed_time":3.674740961,"remaining_time":1.909971745},
{"learn":[0.04292665807],"iteration":658,"passed_time":3.679494483,"remaining_time":1.903956933},
{"learn":[0.04287202718],"iteration":659,"passed_time":3.683946743,"remaining_time":1.897790746},
{"learn":[0.04280485972],"iteration":660,"passed_time":3.692391842,"remaining_time":1.89367751},
{"learn":[0.04272551099],"iteration":661,"passed_time":3.697111817,"remaining_time":1.887649236},
{"learn":[0.0426783767],"iteration":662,"passed_time":3.700928807,"remaining_time":1.881165925},
{"learn":[0.04259334225],"iteration":663,"passed_time":3.704216963,"remaining_time":1.874423041},
{"learn":[0.04248953634],"iteration":664,"passed_time":3.710885637,"remaining_time":1.869393517},
{"learn":[0.04237888251],"iteration":665,"passed_time":3.718240947,"remaining_time":1.864703418},
{"learn":[0.04228841667],"iteration":666,"passed_time":3.724338212,"remaining_time":1.859377248},
{"learn":[0.04220485867],"iteration":667,"passed_time":3.730175433,"remaining_time":1.853919527},
{"learn":[0.04213370587],"iteration":668,"passed_time":3.737358142,"remaining_time":1.849126375},
{"learn":[0.0420933868],"iteration":669,"passed_time":3.743978399,"remaining_time":1.844049062},
{"learn":[0.04202720132],"iteration":670,"passed_time":3.749793264,"remaining_time":1.838572256},
{"learn":[0.04194721838],"iteration":671,"passed_time":3.755463788,"remaining_time":1.833023992},
{"learn":[0.04186075414],"iteration":672,"passed_time":3.759876684,"remaining_time":1.826864302},
{"learn":[0.0418081295],"iteration":673,"passed_time":3.764568632,"remaining_time":1.820844769},
{"learn":[0.04171236755],"iteration":674,"passed_time":3.770045061,"remaining_time":1.815206881},
{"learn":[0.04163255453],"iteration":675,"passed_time":3.773920159,"remaining_time":1.80880197},
{"learn":[0.04156335408],"iteration":676,"passed_time":3.778791409,"remaining_time":1.802879801},
{"learn":[0.04149420494],"iteration":677,"passed_time":3.783364491,"remaining_time":1.796819124},
{"learn":[0.04144281311],"iteration":678,"passed_time":3.787996928,"remaining_time":1.790790889},
{"learn":[0.04138003512],"iteration":679,"passed_time":3.792688296,"remaining_time":1.784794492},
{"learn":[0.04132440146],"iteration":680,"passed_time":3.796664547,"remaining_time":1.778466946},
{"learn":[0.04126324535],"iteration":681,"passed_time":3.801013662,"remaining_time":1.772320153},
{"learn":[0.04121243026],"iteration":682,"passed_time":3.804736775,"remaining_time":1.765888078},
{"learn":[0.0411351104],"iteration":683,"passed_time":3.809140708,"remaining_time":1.759778456},
{"learn":[0.04105769207],"iteration":684,"passed_time":3.81371748,"remaining_time":1.753753294},
{"learn":[0.04101261011],"iteration":685,"passed_time":3.817778401,"remaining_time":1.747496236},
{"learn":[0.04092344322],"iteration":686,"passed_time":3.822298825,"remaining_time":1.741454923},
{"learn":[0.0408406556],"iteration":687,"passed_time":3.825812096,"remaining_time":1.734961299},
{"learn":[0.0407898188],"iteration":688,"passed_time":3.830431756,"remaining_time":1.728975727},
{"learn":[0.04070500586],"iteration":689,"passed_time":3.836073698,"remaining_time":1.723453401},
{"learn":[0.04061375903],"iteration":690,"passed_time":3.842228741,"remaining_time":1.718160175},
{"learn":[0.04052908971],"iteration":691,"passed_time":3.847389133,"remaining_time":1.712421753},
{"learn":[0.04043858897],"iteration":692,"passed_time":3.852085471,"remaining_time":1.706479422},
{"learn":[0.04035827518],"iteration":693,"passed_time":3.855943542,"remaining_time":1.700171072},
{"learn":[0.04025717816],"iteration":694,"passed_time":3.862415583,"remaining_time":1.69501691},
{"learn":[0.04019360395],"iteration":695,"passed_time":3.866684882,"remaining_time":1.688896845},
{"learn":[0.04010802792],"iteration":696,"passed_time":3.871511298,"remaining_time":1.68302428},
{"learn":[0.04003729902],"iteration":697,"passed_time":3.875178318,"remaining_time":1.676653083},
{"learn":[0.0399627403],"iteration":698,"passed_time":3.879105091,"remaining_time":1.670401477},
{"learn":[0.03990150304],"iteration":699,"passed_time":3.883441427,"remaining_time":1.66433204},
{"learn":[0.03982852184],"iteration":700,"passed_time":3.887162226,"remaining_time":1.658005001},
{"learn":[0.03974082989],"iteration":701,"passed_time":3.892212604,"remaining_time":1.652249795},
{"learn":[0.03968450324],"iteration":702,"passed_time":3.896953238,"remaining_time":1.646365735},
{"learn":[0.03964057964],"iteration":703,"passed_time":3.901698777,"remaining_time":1.640486986},
{"learn":[0.0395413863],"iteration":704,"passed_time":3.905960498,"remaining_time":1.634409003},
{"learn":[0.03945604841],"iteration":705,"passed_time":3.910544392,"remaining_time":1.628470327},
{"learn":[0.03940819711],"iteration":706,"passed_time":3.914431156,"remaining_time":1.622246575},
{"learn":[0.039350233],"iteration":707,"passed_time":3.919297128,"remaining_time":1.616433279},
{"learn":[0.03930835352],"iteration":708,"passed_time":3.923906284,"remaining_time":1.610517248},
{"learn":[0.03925789457],"iteration":709,"passed_time":3.928476375,"remaining_time":1.604588942},
{"learn":[0.03914816683],"iteration":710,"passed_time":3.932970478,"remaining_time":1.59863357},
{"learn":[0.03909489332],"iteration":711,"passed_time":3.937105307,"remaining_time":1.592536978},
{"learn":[0.03900111196],"iteration":712,"passed_time":3.940723511,"remaining_time":1.586237935},
{"learn":[0.03896577568],"iteration":713,"passed_time":3.94468994,"remaining_time":1.580085887},
{"learn":[0.03890684487],"iteration":714,"passed_time":3.948714323,"remaining_time":1.573963052},
{"learn":[0.03886599767],"iteration":715,"passed_time":3.952998559,"remaining_time":1.567949149},
{"learn":[0.03878799864],"iteration":716,"passed_time":3.956580351,"remaining_time":1.561662816},
{"learn":[0.03870672072],"iteration":717,"passed_time":3.959850748,"remaining_time":1.555261714},
{"learn":[0.03863971314],"iteration":718,"passed_time":3.963679044,"remaining_time":1.549087359},
{"learn":[0.03851487041],"iteration":719,"passed_time":3.967853402,"remaining_time":1.543054101},
{"learn":[0.03846551265],"iteration":720,"passed_time":3.972081448,"remaining_time":1.537046774},
{"learn":[0.03839137957],"iteration":721,"passed_time":3.976543461,"remaining_time":1.531134463},
{"learn":[0.03834085822],"iteration":722,"passed_time":3.980383971,"remaining_time":1.52498805},
{"learn":[0.03827772619],"iteration":723,"passed_time":3.984030428,"remaining_time":1.518774031},
{"learn":[0.03825249007],"iteration":724,"passed_time":3.987549691,"remaining_time":1.512518848},
{"learn":[0.0381813502],"iteration":725,"passed_time":3.991480285,"remaining_time":1.506426444},
{"learn":[0.03808396777],"iteration":726,"passed_time":3.995671859,"remaining_time":1.500437988},
{"learn":[0.03800062014],"iteration":727,"passed_time":3.999636141,"remaining_time":1.494369547},
{"learn":[0.0379410908],"iteration":728,"passed_time":4.00447783,"remaining_time":1.488633048},
{"learn":[0.03791197142],"iteration":729,"passed_time":4.008954891,"remaining_time":1.482764138},
{"learn":[0.03784521319],"iteration":730,"passed_time":4.013035572,"remaining_time":1.476753172},
{"learn":[0.03777851076],"iteration":731,"passed_time":4.01671271,"remaining_time":1.470599735},
{"learn":[0.03767079318],"iteration":732,"passed_time":4.021842293,"remaining_time":1.464982118},
{"learn":[0.03756890408],"iteration":733,"passed_time":4.026729412,"remaining_time":1.459277961},
{"learn":[0.03751908604],"iteration":734,"passed_time":4.034310246,"remaining_time":1.454547232},
{"learn":[0.03746197473],"iteration":735,"passed_time":4.041196007,"remaining_time":1.449559437},
{"learn":[0.03738786471],"iteration":736,"passed_time":4.045581313,"remaining_time":1.4436742},
{"learn":[0.0373297585],"iteration":737,"passed_time":4.04950547,"remaining_time":1.437629313},
{"learn":[0.03727222678],"iteration":738,"passed_time":4.053944683,"remaining_time":1.431772073},
{"learn":[0.03722118211],"iteration":739,"passed_time":4.060331305,"remaining_time":1.426602891},
{"learn":[0.03720340645],"iteration":740,"passed_time":4.065968126,"remaining_time":1.421168346},
{"learn":[0.03717580505],"iteration":741,"passed_time":4.071386073,"remaining_time":1.415657152},
{"learn":[0.03709148214],"iteration":742,"passed_time":4.075735908,"remaining_time":1.409776754},
{"learn":[0.0370022011],"iteration":743,"passed_time":4.079657903,"remaining_time":1.403753257},
{"learn":[0.03697107996],"iteration":744,"passed_time":4.083962177,"remaining_time":1.397866249},
{"learn":[0.03692787893],"iteration":745,"passed_time":4.088955871,"remaining_time":1.392218219},
{"learn":[0.03683327],"iteration":746,"passed_time":4.093511289,"remaining_time":1.386423502},
{"learn":[0.0367527672],"iteration":747,"passed_time":4.098093013,"remaining_time":1.380640961},
{"learn":[0.03669330924],"iteration":748,"passed_time":4.102289953,"remaining_time":1.374732681},
{"learn":[0.03661184213],"iteration":749,"passed_time":4.108103824,"remaining_time":1.369367941},
{"learn":[0.03655060222],"iteration":750,"passed_time":4.113748672,"remaining_time":1.363945965},
{"learn":[0.0365063647],"iteration":751,"passed_time":4.119184458,"remaining_time":1.358454449},
{"learn":[0.03644421792],"iteration":752,"passed_time":4.126352225,"remaining_time":1.353531208},
{"learn":[0.03638525735],"iteration":753,"passed_time":4.131056952,"remaining_time":1.347798422},
{"learn":[0.03632887851],"iteration":754,"passed_time":4.136385744,"remaining_time":1.342270871},
{"learn":[0.0362793263],"iteration":755,"passed_time":4.141540704,"remaining_time":1.336687741},
{"learn":[0.03622285093],"iteration":756,"passed_time":4.148338543,"remaining_time":1.331633112},
{"learn":[0.03614900414],"iteration":757,"passed_time":4.168454775,"remaining_time":1.330825931},
{"learn":[0.03608422255],"iteration":758,"passed_time":4.173491743,"remaining_time":1.325179855},
{"learn":[0.03597615276],"iteration":759,"passed_time":4.178903428,"remaining_time":1.319653714},
{"learn":[0.03592687333],"iteration":760,"passed_time":4.186534385,"remaining_time":1.314824859},
{"learn":[0.03585993472],"iteration":761,"passed_time":4.191826174,"remaining_time":1.309258044},
{"learn":[0.03581246896],"iteration":762,"passed_time":4.197899508,"remaining_time":1.30393471},
{"learn":[0.03574636674],"iteration":763,"passed_time":4.202772476,"remaining_time":1.298238618},
{"learn":[0.03569213369],"iteration":764,"passed_time":4.207195422,"remaining_time":1.292406437},
{"learn":[0.03562914416],"iteration":765,"passed_time":4.213671573,"remaining_time":1.287205154},
{"learn":[0.03554521034],"iteration":766,"passed_time":4.218211204,"remaining_time":1.281412269},
{"learn":[0.03548394685],"iteration":767,"passed_time":4.222880385,"remaining_time":1.275661783},
{"learn":[0.03541257895],"iteration":768,"passed_time":4.229026395,"remaining_time":1.270357734},
{"learn":[0.03536013695],"iteration":769,"passed_time":4.233946514,"remaining_time":1.264685322},
{"learn":[0.03530295939],"iteration":770,"passed_time":4.238799992,"remaining_time":1.258995069},
{"learn":[0.03522794324],"iteration":771,"passed_time":4.244318788,"remaining_time":1.253503476},
{"learn":[0.03516746666],"iteration":772,"passed_time":4.250577377,"remaining_time":1.248229062},
{"learn":[0.03510754781],"iteration":773,"passed_time":4.255703014,"remaining_time":1.242621293},
{"learn":[0.03505459797],"iteration":774,"passed_time":4.259744449,"remaining_time":1.236700001},
{"learn":[0.03501637746],"iteration":775,"passed_time":4.263532145,"remaining_time":1.23071031},
{"learn":[0.03497170202],"iteration":776,"passed_time":4.26778189,"remaining_time":1.224858895},
{"learn":[0.03492602388],"iteration":777,"passed_time":4.273495253,"remaining_time":1.219429237},
{"learn":[0.03487389006],"iteration":778,"passed_time":4.278119819,"remaining_time":1.213689961},
{"learn":[0.03481517307],"iteration":779,"passed_time":4.28208195,"remaining_time":1.207766704},
{"learn":[0.03477863614],"iteration":780,"passed_time":4.286732007,"remaining_time":1.202041369},
{"learn":[0.03471926707],"iteration":781,"passed_time":4.300265387,"remaining_time":1.19879521},
{"learn":[0.03466989844],"iteration":782,"passed_time":4.303554515,"remaining_time":1.192683691},
{"learn":[0.03464754179],"iteration":783,"passed_time":4.308007738,"remaining_time":1.186900091},
{"learn":[0.03460782982],"iteration":784,"passed_time":4.311819878,"remaining_time":1.180944298},
{"learn":[0.03458395224],"iteration":785,"passed_time":4.316919825,"remaining_time":1.175344583},
{"learn":[0.0345169442],"iteration":786,"passed_time":4.321058506,"remaining_time":1.169485974},
{"learn":[0.03445613129],"iteration":787,"passed_time":4.324985378,"remaining_time":1.163574746},
{"learn":[0.0344085369],"iteration":788,"passed_time":4.329294503,"remaining_time":1.157770773},
{"learn":[0.03433855355],"iteration":789,"passed_time":4.333224608,"remaining_time":1.151869832},
{"learn":[0.03428174391],"iteration":790,"passed_time":4.337946057,"remaining_time":1.146182966},
{"learn":[0.0342128974],"iteration":791,"passed_time":4.341799543,"remaining_time":1.140270587},
{"learn":[0.03416737777],"iteration":792,"passed_time":4.346864468,"remaining_time":1.134679628},
{"learn":[0.03412830318],"iteration":793,"passed_time":4.351999715,"remaining_time":1.129108238},
{"learn":[0.03408857263],"iteration":794,"passed_time":4.357276161,"remaining_time":1.123574356},
{"learn":[0.0340302207],"iteration":795,"passed_time":4.361514621,"remaining_time":1.117775104},
{"learn":[0.0339566716],"iteration":796,"passed_time":4.364995762,"remaining_time":1.111786875},
{"learn":[0.03389595675],"iteration":797,"passed_time":4.369329091,"remaining_time":1.106020647},
{"learn":[0.03384205607],"iteration":798,"passed_time":4.373419946,"remaining_time":1.100197008},
{"learn":[0.03377634007],"iteration":799,"passed_time":4.379282323,"remaining_time":1.094820581},
{"learn":[0.03371527013],"iteration":800,"passed_time":4.384113167,"remaining_time":1.089186667},
{"learn":[0.03366367024],"iteration":801,"passed_time":4.388633638,"remaining_time":1.08347813},
{"learn":[0.03360346478],"iteration":802,"passed_time":4.392645669,"remaining_time":1.077647817},
{"learn":[0.03354178638],"iteration":803,"passed_time":4.396553651,"remaining_time":1.071796661},
{"learn":[0.03347634428],"iteration":804,"passed_time":4.400789876,"remaining_time":1.066029846},
{"learn":[0.03341955003],"iteration":805,"passed_time":4.405260044,"remaining_time":1.060323137},
{"learn":[0.0334038856],"iteration":806,"passed_time":4.40989665,"remaining_time":1.054659298},
{"learn":[0.03334864993],"iteration":807,"passed_time":4.416109402,"remaining_time":1.049372531},
{"learn":[0.03330416901],"iteration":808,"passed_time":4.420545372,"remaining_time":1.043663988},
{"learn":[0.03324471372],"iteration":809,"passed_time":4.424443869,"remaining_time":1.037832512},
{"learn":[0.03320789496],"iteration":810,"passed_time":4.428485824,"remaining_time":1.032039236},
{"learn":[0.03314626021],"iteration":811,"passed_time":4.434209857,"remaining_time":1.026639721},
{"learn":[0.03311617281],"iteration":812,"passed_time":4.440852235,"remaining_time":1.021450637},
{"learn":[0.03305811454],"iteration":813,"passed_time":4.446749609,"remaining_time":1.016087748},
{"learn":[0.03300555899],"iteration":814,"passed_time":4.453175319,"remaining_time":1.010843477},
{"learn":[0.03295757935],"iteration":815,"passed_time":4.45787859,"remaining_time":1.005207917},
{"learn":[0.03291179447],"iteration":816,"passed_time":4.473206518,"remaining_time":1.001954459},
{"learn":[0.03286834413],"iteration":817,"passed_time":4.48382281,"remaining_time":0.9976231681},
{"learn":[0.03279542618],"iteration":818,"passed_time":4.489843307,"remaining_time":0.992260853},
{"learn":[0.03273931794],"iteration":819,"passed_time":4.494828517,"remaining_time":0.9866696744},
{"learn":[0.03270099259],"iteration":820,"passed_time":4.500538222,"remaining_time":0.9812379315},
{"learn":[0.03266531251],"iteration":821,"passed_time":4.504753572,"remaining_time":0.9754819171},
{"learn":[0.03260762722],"iteration":822,"passed_time":4.509287421,"remaining_time":0.9697981453},
{"learn":[0.03256472559],"iteration":823,"passed_time":4.513453662,"remaining_time":0.9640386462},
{"learn":[0.03251342981],"iteration":824,"passed_time":4.52533294,"remaining_time":0.9599191084},
{"learn":[0.03244567667],"iteration":825,"passed_time":4.536755418,"remaining_time":0.9556845553},
{"learn":[0.03241826775],"iteration":826,"passed_time":4.547811642,"remaining_time":0.9513560025},
{"learn":[0.03237148821],"iteration":827,"passed_time":4.555950727,"remaining_time":0.9464052235},
{"learn":[0.03232817275],"iteration":828,"passed_time":4.567801981,"remaining_time":0.9422124714},
{"learn":[0.03229813723],"iteration":829,"passed_time":4.577352396,"remaining_time":0.9375300088},
{"learn":[0.03226531129],"iteration":830,"passed_time":4.584146637,"remaining_time":0.9322753089},
{"learn":[0.03219803497],"iteration":831,"passed_time":4.590955611,"remaining_time":0.927019883},
{"learn":[0.03215376041],"iteration":832,"passed_time":4.598866463,"remaining_time":0.9219816318},
{"learn":[0.03211296841],"iteration":833,"passed_time":4.607124227,"remaining_time":0.9170055416},
{"learn":[0.0320824041],"iteration":834,"passed_time":4.627156771,"remaining_time":0.914348344},
{"learn":[0.03201382686],"iteration":835,"passed_time":4.636858369,"remaining_time":0.9096229336},
{"learn":[0.03195736077],"iteration":836,"passed_time":4.645367941,"remaining_time":0.9046534939},
{"learn":[0.03189229984],"iteration":837,"passed_time":4.651722331,"remaining_time":0.8992589708},
{"learn":[0.03184854342],"iteration":838,"passed_time":4.661324128,"remaining_time":0.8944853214},
{"learn":[0.03179816199],"iteration":839,"passed_time":4.668063057,"remaining_time":0.8891548681},
{"learn":[0.03175775588],"iteration":840,"passed_time":4.674191923,"remaining_time":0.8837057262},
{"learn":[0.03170251576],"iteration":841,"passed_time":4.678045214,"remaining_time":0.8778279618},
{"learn":[0.03165608445],"iteration":842,"passed_time":4.681356009,"remaining_time":0.8718539662},
{"learn":[0.0316051263],"iteration":843,"passed_time":4.684903303,"remaining_time":0.8659299944},
{"learn":[0.03154762199],"iteration":844,"passed_time":4.689283397,"remaining_time":0.86016441},
{"learn":[0.03150680921],"iteration":845,"passed_time":4.693358396,"remaining_time":0.8543465638},
{"learn":[0.03146565356],"iteration":846,"passed_time":4.697083933,"remaining_time":0.848469707},
{"learn":[0.03144289835],"iteration":847,"passed_time":4.701408319,"remaining_time":0.8427052647},
{"learn":[0.0313930661],"iteration":848,"passed_time":4.705124047,"remaining_time":0.8368359612},
{"learn":[0.03134303594],"iteration":849,"passed_time":4.708841308,"remaining_time":0.8309719955},
{"learn":[0.03132540112],"iteration":850,"passed_time":4.713239936,"remaining_time":0.8252323742},
{"learn":[0.03125892032],"iteration":851,"passed_time":4.719834606,"remaining_time":0.8198773728},
{"learn":[0.03118610518],"iteration":852,"passed_time":4.725128061,"remaining_time":0.8142952228},
{"learn":[0.03112247896],"iteration":853,"passed_time":4.73025106,"remaining_time":0.8086846075},
{"learn":[0.03109393396],"iteration":854,"passed_time":4.73533342,"remaining_time":0.8030682409},
{"learn":[0.03107524102],"iteration":855,"passed_time":4.742566048,"remaining_time":0.7978148491},
{"learn":[0.03103742398],"iteration":856,"passed_time":4.750219437,"remaining_time":0.7926270472},
{"learn":[0.03099352882],"iteration":857,"passed_time":4.754860237,"remaining_time":0.786934911},
{"learn":[0.03094447159],"iteration":858,"passed_time":4.760957709,"remaining_time":0.7814843271},
{"learn":[0.03091695769],"iteration":859,"passed_time":4.765968737,"remaining_time":0.7758553757},
{"learn":[0.03086551773],"iteration":860,"passed_time":4.770200502,"remaining_time":0.7701020555},
{"learn":[0.03083179494],"iteration":861,"passed_time":4.773758511,"remaining_time":0.764244402},
{"learn":[0.03078438566],"iteration":862,"passed_time":4.778704748,"remaining_time":0.7586124571},
{"learn":[0.03074402573],"iteration":863,"passed_time":4.783154593,"remaining_time":0.7529039638},
{"learn":[0.030693552],"iteration":864,"passed_time":4.787191941,"remaining_time":0.7471340023},
{"learn":[0.03063552008],"iteration":865,"passed_time":4.791678477,"remaining_time":0.7414375472},
{"learn":[0.03061160424],"iteration":866,"passed_time":4.795653656,"remaining_time":0.7356654398},
{"learn":[0.03058370295],"iteration":867,"passed_time":4.799974968,"remaining_time":0.7299501103},
{"learn":[0.03054937318],"iteration":868,"passed_time":4.804826721,"remaining_time":0.7243179522},
{"learn":[0.03050666522],"iteration":869,"passed_time":4.808932116,"remaining_time":0.7185760633},
{"learn":[0.0304696928],"iteration":870,"passed_time":4.813769887,"remaining_time":0.7129464012},
{"learn":[0.03042293544],"iteration":871,"passed_time":4.818094105,"remaining_time":0.7072431714},
{"learn":[0.0303690153],"iteration":872,"passed_time":4.822645921,"remaining_time":0.7015762107},
{"learn":[0.03031109003],"iteration":873,"passed_time":4.827391634,"remaining_time":0.695939755},
{"learn":[0.03029052945],"iteration":874,"passed_time":4.829499542,"remaining_time":0.689928506},
{"learn":[0.03025710095],"iteration":875,"passed_time":4.834608963,"remaining_time":0.6843510404},
{"learn":[0.03023067045],"iteration":876,"passed_time":4.839678623,"remaining_time":0.6787690658},
{"learn":[0.03017839423],"iteration":877,"passed_time":4.844714148,"remaining_time":0.6731835149},
{"learn":[0.03013796019],"iteration":878,"passed_time":4.8502606,"remaining_time":0.6676695479},
{"learn":[0.03009918669],"iteration":879,"passed_time":4.855847132,"remaining_time":0.6621609725},
{"learn":[0.03004873067],"iteration":880,"passed_time":4.860807682,"remaining_time":0.6565676664},
{"learn":[0.03001251112],"iteration":881,"passed_time":4.868615106,"remaining_time":0.6513566695},
{"learn":[0.02997544495],"iteration":882,"passed_time":4.872856552,"remaining_time":0.6456672895},
{"learn":[0.02992523736],"iteration":883,"passed_time":4.877861891,"remaining_time":0.6400814246},
{"learn":[0.02987393596],"iteration":884,"passed_time":4.883615621,"remaining_time":0.6345941202},
{"learn":[0.02983390142],"iteration":885,"passed_time":4.888836455,"remaining_time":0.6290376477},
{"learn":[0.02978987523],"iteration":886,"passed_time":4.893546849,"remaining_time":0.6234169041},
{"learn":[0.02976422604],"iteration":887,"passed_time":4.898811456,"remaining_time":0.6178681115},
{"learn":[0.0297270899],"iteration":888,"passed_time":4.902544251,"remaining_time":0.6121286973},
{"learn":[0.02969293603],"iteration":889,"passed_time":4.906479091,"remaining_time":0.6064187641},
{"learn":[0.0296523682],"iteration":890,"passed_time":4.911312209,"remaining_time":0.6008227057},
{"learn":[0.02960963681],"iteration":891,"passed_time":4.915681537,"remaining_time":0.595172204},
{"learn":[0.02957367019],"iteration":892,"passed_time":4.920144482,"remaining_time":0.589535789},
{"learn":[0.02954062604],"iteration":893,"passed_time":4.925112631,"remaining_time":0.5839619003},
{"learn":[0.02949852092],"iteration":894,"passed_time":4.929577744,"remaining_time":0.5783303499},
{"learn":[0.02945678061],"iteration":895,"passed_time":4.934460814,"remaining_time":0.572749916},
{"learn":[0.02942428714],"iteration":896,"passed_time":4.939220595,"remaining_time":0.5671568799},
{"learn":[0.02937005732],"iteration":897,"passed_time":4.943370327,"remaining_time":0.5614964069},
{"learn":[0.02935023684],"iteration":898,"passed_time":4.947711815,"remaining_time":0.555860838},
{"learn":[0.02930980601],"iteration":899,"passed_time":4.951703902,"remaining_time":0.5501893224},
{"learn":[0.0292518312],"iteration":900,"passed_time":4.956666798,"remaining_time":0.5446282054},
{"learn":[0.02920964134],"iteration":901,"passed_time":4.96008926,"remaining_time":0.5389010504},
{"learn":[0.02917379691],"iteration":902,"passed_time":4.964038251,"remaining_time":0.5332355596},
{"learn":[0.02912369439],"iteration":903,"passed_time":4.96837127,"remaining_time":0.5276146481},
{"learn":[0.02909395388],"iteration":904,"passed_time":4.972580555,"remaining_time":0.5219835942},
{"learn":[0.02904143065],"iteration":905,"passed_time":4.976058458,"remaining_time":0.5162797959},
{"learn":[0.02898751006],"iteration":906,"passed_time":4.979477733,"remaining_time":0.5105748943},
{"learn":[0.02896862777],"iteration":907,"passed_time":4.98329415,"remaining_time":0.5049152663},
{"learn":[0.02894345333],"iteration":908,"passed_time":4.988104272,"remaining_time":0.4993591735},
{"learn":[0.02890367064],"iteration":909,"passed_time":4.992932861,"remaining_time":0.4938065467},
{"learn":[0.02885780214],"iteration":910,"passed_time":4.998290578,"remaining_time":0.4883072024},
{"learn":[0.02882082861],"iteration":911,"passed_time":5.002199912,"remaining_time":0.4826684126},
{"learn":[0.02879446853],"iteration":912,"passed_time":5.005656534,"remaining_time":0.4769902721},
{"learn":[0.02872164614],"iteration":913,"passed_time":5.009687391,"remaining_time":0.4713710237},
{"learn":[0.02868652264],"iteration":914,"passed_time":5.013699906,"remaining_time":0.4657535432},
{"learn":[0.02862162736],"iteration":915,"passed_time":5.018210839,"remaining_time":0.4601852734},
{"learn":[0.02858042554],"iteration":916,"passed_time":5.022737854,"remaining_time":0.4546207654},
{"learn":[0.02852299128],"iteration":917,"passed_time":5.027907556,"remaining_time":0.4491159255},
{"learn":[0.02848856309],"iteration":918,"passed_time":5.033419659,"remaining_time":0.4436419939},
{"learn":[0.02846636697],"iteration":919,"passed_time":5.038651448,"remaining_time":0.4381436042},
{"learn":[0.02843876922],"iteration":920,"passed_time":5.043249682,"remaining_time":0.4325914494},
{"learn":[0.02839889917],"iteration":921,"passed_time":5.048681601,"remaining_time":0.4271118925},
{"learn":[0.02835573289],"iteration":922,"passed_time":5.058000397,"remaining_time":0.4219566962},
{"learn":[0.02832360146],"iteration":923,"passed_time":5.062867062,"remaining_time":0.4164262951},
{"learn":[0.02827736036],"iteration":924,"passed_time":5.067243033,"remaining_time":0.4108575432},
{"learn":[0.02825475203],"iteration":925,"passed_time":5.071262639,"remaining_time":0.405262889},
{"learn":[0.02819822126],"iteration":926,"passed_time":5.076469956,"remaining_time":0.3997651637},
{"learn":[0.0281714603],"iteration":927,"passed_time":5.082928024,"remaining_time":0.3943651053},
{"learn":[0.02814009402],"iteration":928,"passed_time":5.087501919,"remaining_time":0.3888187689},
{"learn":[0.02810662012],"iteration":929,"passed_time":5.091688239,"remaining_time":0.3832453514},
{"learn":[0.0280646612],"iteration":930,"passed_time":5.095990107,"remaining_time":0.3776834773},
{"learn":[0.02801148509],"iteration":931,"passed_time":5.100689973,"remaining_time":0.3721533457},
{"learn":[0.02797049561],"iteration":932,"passed_time":5.105979821,"remaining_time":0.3666673612},
{"learn":[0.02793474516],"iteration":933,"passed_time":5.112275464,"remaining_time":0.36125287},
{"learn":[0.02788901617],"iteration":934,"passed_time":5.118197754,"remaining_time":0.355810539},
{"learn":[0.02787571295],"iteration":935,"passed_time":5.1196934,"remaining_time":0.350064506},
{"learn":[0.02785698523],"iteration":936,"passed_time":5.126553046,"remaining_time":0.3446881984},
{"learn":[0.02781490583],"iteration":937,"passed_time":5.130656047,"remaining_time":0.3391265191},
{"learn":[0.02777901058],"iteration":938,"passed_time":5.135316283,"remaining_time":0.3336041462},
{"learn":[0.02771060436],"iteration":939,"passed_time":5.144315089,"remaining_time":0.3283605376},
{"learn":[0.0276927226],"iteration":940,"passed_time":5.1486523,"remaining_time":0.3228166692},
{"learn":[0.0276544131],"iteration":941,"passed_time":5.153378905,"remaining_time":0.3172993381},
{"learn":[0.02760953283],"iteration":942,"passed_time":5.157339342,"remaining_time":0.3117373727},
{"learn":[0.02758592233],"iteration":943,"passed_time":5.161208068,"remaining_time":0.30617336},
{"learn":[0.02754941418],"iteration":944,"passed_time":5.166050053,"remaining_time":0.3006695798},
{"learn":[0.02751533698],"iteration":945,"passed_time":5.172430246,"remaining_time":0.2952550035},
{"learn":[0.02747810161],"iteration":946,"passed_time":5.17771824,"remaining_time":0.2897772616},
{"learn":[0.02743985634],"iteration":947,"passed_time":5.182623418,"remaining_time":0.2842789217},
{"learn":[0.02741656908],"iteration":948,"passed_time":5.187874769,"remaining_time":0.2788004354},
{"learn":[0.02739537864],"iteration":949,"passed_time":5.192888989,"remaining_time":0.2733099468},
{"learn":[0.02734389742],"iteration":950,"passed_time":5.198988578,"remaining_time":0.2678763831},
{"learn":[0.02730253741],"iteration":951,"passed_time":5.203782621,"remaining_time":0.2623755943},
{"learn":[0.02727890499],"iteration":952,"passed_time":5.208977053,"remaining_time":0.2568960351},
{"learn":[0.0272510209],"iteration":953,"passed_time":5.213096225,"remaining_time":0.2513652268},
{"learn":[0.02721875193],"iteration":954,"passed_time":5.21875871,"remaining_time":0.2459100963},
{"learn":[0.02719442916],"iteration":955,"passed_time":5.223426887,"remaining_time":0.2404087688},
{"learn":[0.02716158589],"iteration":956,"passed_time":5.230016699,"remaining_time":0.2349955257},
{"learn":[0.02711698706],"iteration":957,"passed_time":5.236278538,"remaining_time":0.2295654474},
{"learn":[0.02707721519],"iteration":958,"passed_time":5.240563049,"remaining_time":0.224049098},
{"learn":[0.02703760533],"iteration":959,"passed_time":5.24495662,"remaining_time":0.2185398592},
{"learn":[0.02698302146],"iteration":960,"passed_time":5.249430207,"remaining_time":0.2130361895},
{"learn":[0.02695691027],"iteration":961,"passed_time":5.253006228,"remaining_time":0.2074992065},
{"learn":[0.02694087725],"iteration":962,"passed_time":5.255060665,"remaining_time":0.2019078345},
{"learn":[0.02690850448],"iteration":963,"passed_time":5.2625923,"remaining_time":0.1965283431},
{"learn":[0.0268815288],"iteration":964,"passed_time":5.268960543,"remaining_time":0.1911021959},
{"learn":[0.02683999089],"iteration":965,"passed_time":5.274231258,"remaining_time":0.1856354687},
{"learn":[0.02680136083],"iteration":966,"passed_time":5.27889705,"remaining_time":0.1801485033},
{"learn":[0.02677568769],"iteration":967,"passed_time":5.282834346,"remaining_time":0.1746391519},
{"learn":[0.02673227205],"iteration":968,"passed_time":5.287707835,"remaining_time":0.1691629957},
{"learn":[0.02669969631],"iteration":969,"passed_time":5.294007957,"remaining_time":0.1637322049},
{"learn":[0.026678562],"iteration":970,"passed_time":5.298814318,"remaining_time":0.1582550105},
{"learn":[0.02664227864],"iteration":971,"passed_time":5.303676873,"remaining_time":0.1527808153},
{"learn":[0.02662767999],"iteration":972,"passed_time":5.307598765,"remaining_time":0.1472817746},
{"learn":[0.02659138548],"iteration":973,"passed_time":5.31151402,"remaining_time":0.1417857952},
{"learn":[0.02653881641],"iteration":974,"passed_time":5.316810183,"remaining_time":0.1363284662},
{"learn":[0.02651092899],"iteration":975,"passed_time":5.322626119,"remaining_time":0.1308842488},
{"learn":[0.02646848905],"iteration":976,"passed_time":5.326130119,"remaining_time":0.1253848442},
{"learn":[0.0264209949],"iteration":977,"passed_time":5.33005662,"remaining_time":0.1198990242},
{"learn":[0.02638835389],"iteration":978,"passed_time":5.334618512,"remaining_time":0.1144300191},
{"learn":[0.02637501352],"iteration":979,"passed_time":5.338426474,"remaining_time":0.1089474791},
{"learn":[0.02635679888],"iteration":980,"passed_time":5.342149327,"remaining_time":0.1034667046},
{"learn":[0.02633888653],"iteration":981,"passed_time":5.347749989,"remaining_time":0.09802393056},
{"learn":[0.02630557481],"iteration":982,"passed_time":5.35156281,"remaining_time":0.09254991635},
{"learn":[0.02627792819],"iteration":983,"passed_time":5.355694856,"remaining_time":0.08708446921},
{"learn":[0.02626100003],"iteration":984,"passed_time":5.360609546,"remaining_time":0.08163364791},
{"learn":[0.02620706023],"iteration":985,"passed_time":5.364989769,"remaining_time":0.07617632531},
{"learn":[0.02618586382],"iteration":986,"passed_time":5.371781164,"remaining_time":0.07075294339},
{"learn":[0.02615589325],"iteration":987,"passed_time":5.377579049,"remaining_time":0.0653147253},
{"learn":[0.02614491386],"iteration":988,"passed_time":5.38237618,"remaining_time":0.05986464912},
{"learn":[0.02612244274],"iteration":989,"passed_time":5.385794142,"remaining_time":0.05440196103},
{"learn":[0.02607884256],"iteration":990,"passed_time":5.389896312,"remaining_time":0.04894961333},
{"learn":[0.02605589063],"iteration":991,"passed_time":5.394753636,"remaining_time":0.04350607771},
{"learn":[0.02602880807],"iteration":992,"passed_time":5.400152853,"remaining_time":0.03806754277},
{"learn":[0.02599486285],"iteration":993,"passed_time":5.40470658,"remaining_time":0.03262398338},
{"learn":[0.02596175206],"iteration":994,"passed_time":5.409495242,"remaining_time":0.02718339317},
{"learn":[0.02594065469],"iteration":995,"passed_time":5.413463637,"remaining_time":0.02174081782},
{"learn":[0.02591014826],"iteration":996,"passed_time":5.417202214,"remaining_time":0.01630050817},
{"learn":[0.02587555872],"iteration":997,"passed_time":5.42176643,"remaining_time":0.01086526339},
{"learn":[0.02584850641],"iteration":998,"passed_time":5.426737634,"remaining_time":0.005432169804},
{"learn":[0.02579322933],"iteration":999,"passed_time":5.430910963,"remaining_time":0}
]}